This is pdfTeX, Version 3.141592653-2.6-1.40.26 (MiKTeX 24.4) (preloaded format=pdflatex 2024.11.20)  2 JUN 2025 13:09
entering extended mode
 \write18 enabled.
 %&-line parsing enabled.
**./thesis_master.tex
(thesis_master.tex
LaTeX2e <2024-06-01> patch level 2
L3 programming layer <2024-08-30>
(C:\Users\chris\AppData\Roaming\MiKTeX\tex/latex/memoir\memoir.cls
Document Class: memoir 2024/01/26 v3.8.2 configurable book, report, article doc
ument class
(C:\Users\chris\AppData\Roaming\MiKTeX\tex/latex/xpatch\xpatch.sty
(C:\Program Files\MiKTeX\tex/latex/l3kernel\expl3.sty
Package: expl3 2024-08-30 L3 programming layer (loader) 

(C:\Program Files\MiKTeX\tex/latex/l3backend\l3backend-pdftex.def
File: l3backend-pdftex.def 2024-05-08 L3 backend support: PDF output (pdfTeX)
\l__color_backend_stack_int=\count194
\l__pdf_internal_box=\box52
))
Package: xpatch 2020/03/25 v0.3a Extending etoolbox patching commands

(C:\Program Files\MiKTeX\tex/latex/l3packages/xparse\xparse.sty
Package: xparse 2024-08-16 L3 Experimental document command parser
)
(C:\Program Files\MiKTeX\tex/latex/etoolbox\etoolbox.sty
Package: etoolbox 2020/10/05 v2.5k e-TeX tools for LaTeX (JAW)
\etb@tempcnta=\count195
))
\onelineskip=\skip49
\lxvchars=\skip50
\xlvchars=\skip51
\@memcnta=\count196
\c@@memmarkcntra=\count197

(C:\Program Files\MiKTeX\tex/generic/iftex\iftex.sty
Package: iftex 2022/02/03 v1.0f TeX engine tests
)
\stockheight=\dimen141
\stockwidth=\dimen142
\trimtop=\skip52
\trimedge=\skip53

(C:\Users\chris\AppData\Roaming\MiKTeX\tex/latex/memoir\mem11.clo
File: mem11.clo 2022/07/29 v0.5 memoir class 11pt size option
)
\binding=\skip54
\spinemargin=\skip55
\foremargin=\skip56
\uppermargin=\skip57
\lowermargin=\skip58
\headdrop=\skip59
\normalrulethickness=\skip60
\mem@maxheadheight=\skip61
\mem@maxfootheight=\skip62
\headwidth=\skip63
\c@storedpagenumber=\count198
\memPD=\dimen143
\m@mabparskip=\skip64
\thanksmarkwidth=\skip65
\thanksmarksep=\skip66
\droptitle=\skip67
\c@book=\count199
\c@part=\count266
\c@chapter=\count267
\c@section=\count268
\c@subsection=\count269
\c@subsubsection=\count270
\c@paragraph=\count271
\c@subparagraph=\count272
\beforechapskip=\skip68
\midchapskip=\skip69
\afterchapskip=\skip70
\chapindent=\skip71
\bottomsectionskip=\skip72
\secindent=\skip73
\beforesecskip=\skip74
\aftersecskip=\skip75
\subsecindent=\skip76
\beforesubsecskip=\skip77
\aftersubsecskip=\skip78
\subsubsecindent=\skip79
\beforesubsubsecskip=\skip80
\aftersubsubsecskip=\skip81
\paraindent=\skip82
\beforeparaskip=\skip83
\afterparaskip=\skip84
\subparaindent=\skip85
\beforesubparaskip=\skip86
\aftersubparaskip=\skip87
\pfbreakskip=\skip88
\c@@ppsavesec=\count273
\c@@ppsaveapp=\count274
\ragrparindent=\dimen144
\everylistparindent=\dimen145
\parsepi=\skip89
\topsepi=\skip90
\itemsepi=\skip91
\parsepii=\skip92
\topsepii=\skip93
\topsepiii=\skip94
\itemsepii=\skip95
\itemsepiii=\skip96
\partopsepii=\skip97
\partopsepiii=\skip98
\m@msavetopsep=\skip99
\m@msavepartopsep=\skip100
\@enLab=\toks17
\abstitleskip=\skip101
\absleftindent=\skip102
\abs@leftindent=\dimen146
\absrightindent=\skip103
\absparindent=\skip104
\absparsep=\skip105
\c@vslineno=\count275
\c@poemline=\count276
\c@modulo@vs=\count277
\c@memfvsline=\count278
\vleftskip=\skip106
\vrightskip=\skip107
\stanzaskip=\skip108
\versewidth=\skip109
\vgap=\skip110
\vindent=\skip111
\vleftmargin=\dimen147
\c@verse=\count279
\c@chrsinstr=\count280
\beforepoemtitleskip=\skip112
\afterpoemtitleskip=\skip113
\c@poem=\count281
\beforePoemTitleskip=\skip114
\midPoemTitleskip=\skip115
\afterPoemTitleskip=\skip116

(C:\Users\chris\AppData\Roaming\MiKTeX\tex/latex/tools\array.sty
Package: array 2022/09/04 v2.5g Tabular extension package (FMi)
\col@sep=\dimen148
\ar@mcellbox=\box53
\extrarowheight=\dimen149
\NC@list=\toks18
\extratabsurround=\skip117
\backup@length=\skip118
\ar@cellbox=\box54
)
(C:\Users\chris\AppData\Roaming\MiKTeX\tex/latex/tools\dcolumn.sty
Package: dcolumn 2014/10/28 v1.06 decimal alignment package (DPC)
)
(C:\Users\chris\AppData\Roaming\MiKTeX\tex/latex/tools\delarray.sty
Package: delarray 2014/10/28 v1.01 array delimiter package (DPC)
)
(C:\Users\chris\AppData\Roaming\MiKTeX\tex/latex/tools\tabularx.sty
Package: tabularx 2020/01/15 v2.11c `tabularx' package (DPC)
\TX@col@width=\dimen150
\TX@old@table=\dimen151
\TX@old@col=\dimen152
\TX@target=\dimen153
\TX@delta=\dimen154
\TX@cols=\count282
\TX@ftn=\toks19
)
(C:\Users\chris\AppData\Roaming\MiKTeX\tex/latex/booktabs\booktabs.sty
Package: booktabs 2020/01/12 v1.61803398 Publication quality tables
\heavyrulewidth=\dimen155
\lightrulewidth=\dimen156
\cmidrulewidth=\dimen157
\belowrulesep=\dimen158
\belowbottomsep=\dimen159
\aboverulesep=\dimen160
\abovetopsep=\dimen161
\cmidrulesep=\dimen162
\cmidrulekern=\dimen163
\defaultaddspace=\dimen164
\@cmidla=\count283
\@cmidlb=\count284
\@aboverulesep=\dimen165
\@belowrulesep=\dimen166
\@thisruleclass=\count285
\@lastruleclass=\count286
\@thisrulewidth=\dimen167
)
\ctableftskip=\skip119
\ctabrightskip=\skip120
\abovecolumnspenalty=\count287
\@linestogo=\count288
\@cellstogo=\count289
\@cellsincolumn=\count290
\crtok=\toks20
\@mincolumnwidth=\dimen168
\c@newflo@tctr=\count291
\mem@margin@floatbox=\box55
\@contcwidth=\skip121
\@contindw=\skip122
\abovecaptionskip=\skip123
\belowcaptionskip=\skip124
\subfloattopskip=\skip125
\subfloatcapskip=\skip126
\subfloatcaptopadj=\skip127
\subfloatbottomskip=\skip128
\subfloatlabelskip=\skip129
\subfloatcapmargin=\dimen169
\c@@contsubnum=\count292
\m@mscap@capbox=\box56
\m@mscap@fbox=\box57
\sidecapsep=\dimen170
\sidecapwidth=\dimen171
\m@m@tempdima=\dimen172
\m@mscapraise=\dimen173
\sidecapraise=\dimen174
\m@mscapmainwidth=\dimen175
\m@mscaplkern=\dimen176
\beforeepigraphskip=\skip130
\afterepigraphskip=\skip131
\epigraphwidth=\skip132
\epigraphrule=\skip133
LaTeX Info: Redefining \em on input line 6932.
LaTeX Info: Redefining \emph on input line 6940.

(C:\Program Files\MiKTeX\tex/latex/hyperref\nameref.sty
Package: nameref 2023-11-26 v2.56 Cross-referencing by name of section

(C:\Users\chris\AppData\Roaming\MiKTeX\tex/latex/refcount\refcount.sty
Package: refcount 2019/12/15 v3.6 Data extraction from label references (HO)

(C:\Users\chris\AppData\Roaming\MiKTeX\tex/generic/ltxcmds\ltxcmds.sty
Package: ltxcmds 2019/12/15 v1.24 LaTeX kernel commands for general use (HO)
)
(C:\Users\chris\AppData\Roaming\MiKTeX\tex/generic/infwarerr\infwarerr.sty
Package: infwarerr 2019/12/03 v1.5 Providing info/warning/error messages (HO)
))
(C:\Users\chris\AppData\Roaming\MiKTeX\tex/generic/gettitlestring\gettitlestrin
g.sty
Package: gettitlestring 2019/12/15 v1.6 Cleanup title references (HO)
 (C:\Users\chris\AppData\Roaming\MiKTeX\tex/latex/kvoptions\kvoptions.sty
Package: kvoptions 2019/11/29 v3.13 Key value format for package options (HO)

(C:\Program Files\MiKTeX\tex/latex/graphics\keyval.sty
Package: keyval 2022/05/29 v1.15 key=value parser (DPC)
\KV@toks@=\toks21
)
(C:\Users\chris\AppData\Roaming\MiKTeX\tex/generic/kvsetkeys\kvsetkeys.sty
Package: kvsetkeys 2019/12/15 v1.18 Key value parser (HO)
)))
\c@section@level=\count293
)
\tocentryskip=\skip134
\tocbaseline=\skip135
\cftparskip=\skip136
\cftbeforebookskip=\skip137
\cftbookindent=\dimen177
\cftbooknumwidth=\dimen178
\cftbeforepartskip=\skip138
\cftpartindent=\skip139
\cftpartnumwidth=\skip140
\cftbeforechapterskip=\skip141
\cftchapterindent=\skip142
\cftchapternumwidth=\skip143
\cftbeforesectionskip=\skip144
\cftsectionindent=\skip145
\cftsectionnumwidth=\skip146
\cftbeforesubsectionskip=\skip147
\cftsubsectionindent=\skip148
\cftsubsectionnumwidth=\skip149
\cftbeforesubsubsectionskip=\skip150
\cftsubsubsectionindent=\skip151
\cftsubsubsectionnumwidth=\skip152
\cftbeforeparagraphskip=\skip153
\cftparagraphindent=\skip154
\cftparagraphnumwidth=\skip155
\cftbeforesubparagraphskip=\skip156
\cftsubparagraphindent=\skip157
\cftsubparagraphnumwidth=\skip158
\prechapterprecisshift=\dimen179
\c@maxsecnumdepth=\count294
\bibindent=\dimen180
\bibitemsep=\skip159
\indexcolsep=\skip160
\indexrule=\skip161
\indexmarkstyle=\toks22
\@indexbox=\insert252
LaTeX Info: Redefining \raggedbottom on input line 7935.
LaTeX Info: Redefining \flushbottom on input line 7939.
\glossarycolsep=\dimen181
\glossaryrule=\dimen182
\sideparvshift=\skip162
\sideins=\insert251
\sidebartopsep=\skip163
\sidebarhsep=\skip164
\sidebarvsep=\skip165
\sidebarwidth=\skip166
\footmarkwidth=\skip167
\footmarksep=\skip168
\footparindent=\skip169
\footinsdim=\skip170
\footinsv@r=\insert250
\@mpfootinsv@r=\insert249
\m@m@k=\count295
\m@m@h=\dimen183
\m@mipn@skip=\skip171
\sidefootins=\insert248
\sidefootadjust=\skip172
\sidefootheight=\skip173
\sidefoothsep=\skip174
\sidefootvsep=\skip175
\sidefootwidth=\skip176
\m@mdownsf=\skip177
\c@sidefootnote=\count296
\sidefootmarkwidth=\skip178
\sidefootmarksep=\skip179
\sidefootparindent=\skip180
\c@pagenote=\count297
\c@pagenoteshadow=\count298
\mem@pn@lastkern=\skip181

(C:\Users\chris\AppData\Roaming\MiKTeX\tex/latex/tools\verbatim.sty
Package: verbatim 2022-07-02 v1.5u LaTeX2e package for verbatim enhancements
\every@verbatim=\toks23
\verbatim@line=\toks24
\verbatim@in@stream=\read2
)
\verbatimindent=\skip182
\verbatim@out=\write3

(C:\Program Files\MiKTeX\tex/latex/base\shortvrb.sty
Package: shortvrb 2024/04/26 v3.0p Standard LaTeX documentation package V3 (FMi
)
)
\bvboxsep=\skip183
\c@memfbvline=\count299
\c@bvlinectr=\count300
\bvnumlength=\skip184
\fb@frw=\dimen184
\fb@frh=\dimen185
\FrameRule=\dimen186
\FrameSep=\dimen187
\c@cp@cntr=\count301
\c@ism@mctr=\count302
\c@xsm@mctr=\count303
\c@csm@mctr=\count304
\c@ksm@mctr=\count305
\c@xksm@mctr=\count306
\c@cksm@mctr=\count307
\c@msm@mctr=\count308
\c@xmsm@mctr=\count309
\c@cmsm@mctr=\count310
\c@bsm@mctr=\count311
\c@workm@mctr=\count312
\c@sheetsequence=\count313
\c@lastsheet=\count314
\c@lastpage=\count315

(C:\Users\chris\AppData\Roaming\MiKTeX\tex/latex/textcase\textcase.sty
Package: textcase 2023/07/27 v1.04 Text only upper/lower case changing (DPC)
Package textcase Info: Defining Legacy names on input line 20.
)
\c@figure=\count316
\c@lofdepth=\count317
\cftbeforefigureskip=\skip185
\cftfigureindent=\skip186
\cftfigurenumwidth=\skip187
\c@table=\count318
\c@lotdepth=\count319
\cftbeforetableskip=\skip188
\cfttableindent=\skip189
\cfttablenumwidth=\skip190
Package abstract [2008/07/23] emulated by memoir.
Package appendix [2008/07/23] emulated by memoir.
Package ccaption [2008/07/23] emulated by memoir.
Package changepage [2008/07/23] emulated by memoir.
Package chngcntr [2008/07/23] emulated by memoir.
Package chngpage [2008/07/23] emulated by memoir.
Package crop emulated by memoir.
Package enumerate [2008/07/23] emulated by memoir.
Package epigraph [2008/07/23] emulated by memoir.
Package ifmtarg [2008/07/23] emulated by memoir.
Package index [2008/07/23] emulated by memoir.
Package makeidx [2008/07/23] emulated by memoir.
Package moreverb [2008/07/23] emulated by memoir.
Package needspace [2008/07/23] emulated by memoir.
Package newfile [2008/07/23] emulated by memoir.
Package nextpage [2008/07/23] emulated by memoir.
Package pagenote [2008/07/23] emulated by memoir.
Package parskip [2008/07/23] emulated by memoir.
Package patchcmd [2008/07/23] emulated by memoir.
Package setspace [2008/07/23] emulated by memoir.
Package shortvrb [2008/07/23] emulated by memoir.
Package showidx [2008/07/23] emulated by memoir.
Package titleref [2008/07/23] emulated by memoir.
Package titling [2008/07/23] emulated by memoir.
Package tocbibind [2008/07/23] emulated by memoir.
Package tocloft [2008/07/23] emulated by memoir.
Package tocvsec2 [2008/07/23] emulated by memoir.
Package verbatim [2008/07/23] emulated by memoir.
Package verse [2008/07/23] emulated by memoir.
)
(preamble.tex (C:\Program Files\MiKTeX\tex/latex/base\inputenc.sty
Package: inputenc 2024/02/08 v1.3d Input encoding file
\inpenc@prehook=\toks25
\inpenc@posthook=\toks26
)
(C:\Program Files\MiKTeX\tex/latex/base\fontenc.sty
Package: fontenc 2021/04/29 v2.0v Standard LaTeX package
)
(C:\Users\chris\AppData\Roaming\MiKTeX\tex/latex/microtype\microtype.sty
Package: microtype 2019/11/18 v2.7d Micro-typographical refinements (RS)
\MT@toks=\toks27
\MT@count=\count320
LaTeX Info: Redefining \textls on input line 790.
\MT@outer@kern=\dimen188
LaTeX Info: Redefining \textmicrotypecontext on input line 1354.
\MT@listname@count=\count321

(C:\Users\chris\AppData\Roaming\MiKTeX\tex/latex/microtype\microtype-pdftex.def
File: microtype-pdftex.def 2019/11/18 v2.7d Definitions specific to pdftex (RS)

LaTeX Info: Redefining \lsstyle on input line 914.
LaTeX Info: Redefining \lslig on input line 914.
\MT@outer@space=\skip191
)
Package microtype Info: Loading configuration file microtype.cfg.
 (C:\Users\chris\AppData\Roaming\MiKTeX\tex/latex/microtype\microtype.cfg
File: microtype.cfg 2019/11/18 v2.7d microtype main configuration file (RS)
))
(C:\Program Files\MiKTeX\tex/generic/babel\babel.sty
Package: babel 2024/08/29 v24.9 The Babel package
\babel@savecnt=\count322
\U@D=\dimen189
\l@unhyphenated=\language79

(C:\Program Files\MiKTeX\tex/generic/babel\txtbabel.def)
\bbl@readstream=\read3
\bbl@dirlevel=\count323

*************************************
* Local config file bblopts.cfg used
*
(C:\Program Files\MiKTeX\tex/latex/arabi\bblopts.cfg
File: bblopts.cfg 2005/09/08 v0.1 add Arabic and Farsi to "declared" options of
 babel
)
(C:\Program Files\MiKTeX\tex/latex/babel-english\british.ldf
Language: british 2017/06/06 v3.3r English support from the babel system

(C:\Program Files\MiKTeX\tex/latex/babel-english\english.ldf
Language: english 2017/06/06 v3.3r English support from the babel system
Package babel Info: Hyphen rules for 'canadian' set to \l@english
(babel)             (\language0). Reported on input line 102.
Package babel Info: Hyphen rules for 'australian' set to \l@ukenglish
(babel)             (\language73). Reported on input line 105.
Package babel Info: Hyphen rules for 'newzealand' set to \l@ukenglish
(babel)             (\language73). Reported on input line 108.
))
(C:\Users\chris\AppData\Roaming\MiKTeX\tex/latex/babel-danish\danish.ldf
Language: danish 2009/09/19 v1.3r Danish support from the babel system
Package babel Info: Making " an active character on input line 82.
)
(C:\Program Files\MiKTeX\tex/latex/babel-english\english.ldf
Language: english 2017/06/06 v3.3r English support from the babel system
))
(C:\Program Files\MiKTeX\tex/generic/babel/locale/en\babel-english.tex
Package babel Info: Importing font and identification data for english
(babel)             from babel-en.ini. Reported on input line 11.
)
(C:\Program Files\MiKTeX\tex/generic/babel/locale/da\babel-danish.tex
Package babel Info: Importing font and identification data for danish
(babel)             from babel-da.ini. Reported on input line 11.
)
(C:\Program Files\MiKTeX\tex/generic/babel/locale/en\babel-british.tex
Package babel Info: Importing font and identification data for british
(babel)             from babel-en-GB.ini. Reported on input line 11.
)

Package Babel Warning: The package option `english' should not be used
(Babel)                with a more specific one (like `british') on input line 
38.

(C:\Users\chris\AppData\Roaming\MiKTeX\tex/latex/libertine\libertine.sty
Package: libertine 2024/04/23 (Bob Tennent) Supports Libertine and Biolinum fon
ts for all LaTeX engines.

(C:\Program Files\MiKTeX\tex/generic/iftex\ifxetex.sty
Package: ifxetex 2019/10/25 v0.7 ifxetex legacy package. Use iftex instead.
)
(C:\Program Files\MiKTeX\tex/generic/iftex\ifluatex.sty
Package: ifluatex 2019/10/25 v1.5 ifluatex legacy package. Use iftex instead.
)
(C:\Program Files\MiKTeX\tex/latex/xkeyval\xkeyval.sty
Package: xkeyval 2022/06/16 v2.9 package option processing (HA)

(C:\Program Files\MiKTeX\tex/generic/xkeyval\xkeyval.tex
(C:\Program Files\MiKTeX\tex/generic/xkeyval\xkvutils.tex
\XKV@toks=\toks28
\XKV@tempa@toks=\toks29
)
\XKV@depth=\count324
File: xkeyval.tex 2014/12/03 v2.7a key=value parser (HA)
))
(C:\Program Files\MiKTeX\tex/latex/base\textcomp.sty
Package: textcomp 2024/04/24 v2.1b Standard LaTeX package
)
(C:\Program Files\MiKTeX\tex/latex/base\fontenc.sty
Package: fontenc 2021/04/29 v2.0v Standard LaTeX package
)
(C:\Users\chris\AppData\Roaming\MiKTeX\tex/latex/fontaxes\fontaxes.sty
Package: fontaxes 2020/07/21 v1.0e Font selection axes
LaTeX Info: Redefining \upshape on input line 29.
LaTeX Info: Redefining \itshape on input line 31.
LaTeX Info: Redefining \slshape on input line 33.
LaTeX Info: Redefining \swshape on input line 35.
LaTeX Info: Redefining \scshape on input line 37.
LaTeX Info: Redefining \sscshape on input line 39.
LaTeX Info: Redefining \ulcshape on input line 41.
LaTeX Info: Redefining \textsw on input line 47.
LaTeX Info: Redefining \textssc on input line 48.
LaTeX Info: Redefining \textulc on input line 49.
)
LaTeX Info: Redefining \oldstylenums on input line 485.

(C:\Users\chris\AppData\Roaming\MiKTeX\tex/latex/libertine\LinLibertine_I.tex))

(C:\Users\chris\AppData\Roaming\MiKTeX\tex/latex/libertinust1math\libertinust1m
ath.sty
Package: libertinust1math 2024/01/14 v2.0.4---latex support for LibertinusT1Mat
h (msharpe)
 (C:\Program Files\MiKTeX\tex/latex/amsmath\amsmath.sty
Package: amsmath 2024/05/23 v2.17q AMS math features
\@mathmargin=\skip192

For additional information on amsmath, use the `?' option.
(C:\Program Files\MiKTeX\tex/latex/amsmath\amstext.sty
Package: amstext 2021/08/26 v2.01 AMS text

(C:\Program Files\MiKTeX\tex/latex/amsmath\amsgen.sty
File: amsgen.sty 1999/11/30 v2.0 generic functions
\@emptytoks=\toks30
\ex@=\dimen190
))
(C:\Program Files\MiKTeX\tex/latex/amsmath\amsbsy.sty
Package: amsbsy 1999/11/29 v1.2d Bold Symbols
\pmbraise@=\dimen191
)
(C:\Program Files\MiKTeX\tex/latex/amsmath\amsopn.sty
Package: amsopn 2022/04/08 v2.04 operator names
)
\inf@bad=\count325
LaTeX Info: Redefining \frac on input line 233.
\uproot@=\count326
\leftroot@=\count327
LaTeX Info: Redefining \overline on input line 398.
LaTeX Info: Redefining \colon on input line 409.
\classnum@=\count328
\DOTSCASE@=\count329
LaTeX Info: Redefining \ldots on input line 495.
LaTeX Info: Redefining \dots on input line 498.
LaTeX Info: Redefining \cdots on input line 619.
\Mathstrutbox@=\box58
\strutbox@=\box59
LaTeX Info: Redefining \big on input line 721.
LaTeX Info: Redefining \Big on input line 722.
LaTeX Info: Redefining \bigg on input line 723.
LaTeX Info: Redefining \Bigg on input line 724.
\big@size=\dimen192
LaTeX Font Info:    Redeclaring font encoding OML on input line 742.
LaTeX Font Info:    Redeclaring font encoding OMS on input line 743.
\macc@depth=\count330
LaTeX Info: Redefining \bmod on input line 904.
LaTeX Info: Redefining \pmod on input line 909.
LaTeX Info: Redefining \smash on input line 939.
LaTeX Info: Redefining \relbar on input line 969.
LaTeX Info: Redefining \Relbar on input line 970.
\c@MaxMatrixCols=\count331
\dotsspace@=\muskip17
\c@parentequation=\count332
\dspbrk@lvl=\count333
\tag@help=\toks31
\row@=\count334
\column@=\count335
\maxfields@=\count336
\andhelp@=\toks32
\eqnshift@=\dimen193
\alignsep@=\dimen194
\tagshift@=\dimen195
\tagwidth@=\dimen196
\totwidth@=\dimen197
\lineht@=\dimen198
\@envbody=\toks33
\multlinegap=\skip193
\multlinetaggap=\skip194
\mathdisplay@stack=\toks34
LaTeX Info: Redefining \[ on input line 2953.
LaTeX Info: Redefining \] on input line 2954.
)
amsthm NOT loaded
Now handling font encoding LS1 ...
... no UTF-8 mapping file for font encoding LS1
Now handling font encoding LS2 ...
... no UTF-8 mapping file for font encoding LS2
LaTeX Font Info:    Redeclaring symbol font `letters' on input line 102.
LaTeX Font Info:    Encoding `OML' has changed to `LS1' for symbol font
(Font)              `letters' in the math version `normal' on input line 102.
LaTeX Font Info:    Overwriting symbol font `letters' in version `normal'
(Font)                  OML/cmm/m/it --> LS1/libertinust1math/m/it on input lin
e 102.
LaTeX Font Info:    Encoding `OML' has changed to `LS1' for symbol font
(Font)              `letters' in the math version `bold' on input line 102.
LaTeX Font Info:    Overwriting symbol font `letters' in version `bold'
(Font)                  OML/cmm/b/it --> LS1/libertinust1math/m/it on input lin
e 102.
LaTeX Font Info:    Redeclaring symbol font `operators' on input line 103.
LaTeX Font Info:    Encoding `OT1' has changed to `LS1' for symbol font
(Font)              `operators' in the math version `normal' on input line 103.

LaTeX Font Info:    Overwriting symbol font `operators' in version `normal'
(Font)                  OT1/cmr/m/n --> LS1/libertinust1math/m/n on input line 
103.
LaTeX Font Info:    Encoding `OT1' has changed to `LS1' for symbol font
(Font)              `operators' in the math version `bold' on input line 103.
LaTeX Font Info:    Overwriting symbol font `operators' in version `bold'
(Font)                  OT1/cmr/bx/n --> LS1/libertinust1math/m/n on input line
 103.
\symsymbolsbb=\mathgroup4
LaTeX Font Info:    Redeclaring symbol font `symbols' on input line 105.
LaTeX Font Info:    Encoding `OMS' has changed to `LS2' for symbol font
(Font)              `symbols' in the math version `normal' on input line 105.
LaTeX Font Info:    Overwriting symbol font `symbols' in version `normal'
(Font)                  OMS/cmsy/m/n --> LS2/libertinust1mathsym/m/n on input l
ine 105.
LaTeX Font Info:    Encoding `OMS' has changed to `LS2' for symbol font
(Font)              `symbols' in the math version `bold' on input line 105.
LaTeX Font Info:    Overwriting symbol font `symbols' in version `bold'
(Font)                  OMS/cmsy/b/n --> LS2/libertinust1mathsym/m/n on input l
ine 105.
LaTeX Font Info:    Redeclaring symbol font `largesymbols' on input line 106.
LaTeX Font Info:    Encoding `OMX' has changed to `LS2' for symbol font
(Font)              `largesymbols' in the math version `normal' on input line 1
06.
LaTeX Font Info:    Overwriting symbol font `largesymbols' in version `normal'
(Font)                  OMX/cmex/m/n --> LS2/libertinust1mathex/m/n on input li
ne 106.
LaTeX Font Info:    Encoding `OMX' has changed to `LS2' for symbol font
(Font)              `largesymbols' in the math version `bold' on input line 106
.
LaTeX Font Info:    Overwriting symbol font `largesymbols' in version `bold'
(Font)                  OMX/cmex/m/n --> LS2/libertinust1mathex/m/n on input li
ne 106.
LaTeX Font Info:    Redeclaring math alphabet \mathsf on input line 107.
LaTeX Font Info:    Overwriting math alphabet `\mathsf' in version `normal'
(Font)                  OT1/cmss/m/n --> LS1/libertinust1mathsf/m/n on input li
ne 107.
LaTeX Font Info:    Overwriting math alphabet `\mathsf' in version `bold'
(Font)                  OT1/cmss/bx/n --> LS1/libertinust1mathsf/m/n on input l
ine 107.
LaTeX Font Info:    Redeclaring math alphabet \mathsfbf on input line 116.
LaTeX Font Info:    Overwriting math alphabet `\mathsfbf' in version `normal'
(Font)                  LS1/libertinust1mathsf/b/n --> LS1/libertinust1mathsf/b
/n on input line 116.
LaTeX Font Info:    Overwriting math alphabet `\mathsfbf' in version `bold'
(Font)                  LS1/libertinust1mathsf/b/n --> LS1/libertinust1mathsf/b
/n on input line 116.
LaTeX Font Info:    Overwriting symbol font `letters' in version `bold'
(Font)                  LS1/libertinust1math/m/it --> LS1/libertinust1math/b/it
 on input line 118.
LaTeX Font Info:    Overwriting symbol font `operators' in version `bold'
(Font)                  LS1/libertinust1math/m/n --> LS1/libertinust1math/b/n o
n input line 119.
\symbold-operators=\mathgroup5
\symbold-letters=\mathgroup6
LaTeX Font Info:    Redeclaring math alphabet \mathit on input line 122.
LaTeX Font Info:    Redeclaring math alphabet \mathbf on input line 124.
LaTeX Font Info:    Overwriting math alphabet `\mathsf' in version `bold'
(Font)                  LS1/libertinust1mathsf/m/n --> LS1/libertinust1mathsf/b
/n on input line 152.
LaTeX Font Info:    Redeclaring math alphabet \mathcal on input line 164.
LaTeX Font Info:    Overwriting math alphabet `\mathcal' in version `bold'
(Font)                  U/stixcal/m/n --> U/stixcal/b/n on input line 165.
\tx@tA=\toks35
\tx@tB=\toks36
\tx@su=\read4
\tx@sbptoks=\toks37
LaTeX Font Info:    Redeclaring math symbol \hbar on input line 579.
LaTeX Font Info:    Redeclaring math accent \grave on input line 876.
LaTeX Font Info:    Redeclaring math accent \acute on input line 877.
LaTeX Font Info:    Redeclaring math accent \hat on input line 878.
LaTeX Font Info:    Redeclaring math accent \tilde on input line 879.
LaTeX Font Info:    Redeclaring math accent \bar on input line 880.
LaTeX Font Info:    Redeclaring math accent \breve on input line 881.
LaTeX Font Info:    Redeclaring math accent \dot on input line 882.
LaTeX Font Info:    Redeclaring math accent \ddot on input line 883.
LaTeX Font Info:    Redeclaring math accent \mathring on input line 885.
LaTeX Font Info:    Redeclaring math accent \check on input line 886.
LaTeX Font Info:    Redeclaring math accent \vec on input line 894.
LaTeX Info: Redefining \vdots on input line 1304.
LaTeX Info: Redefining \cdots on input line 1309.
LaTeX Info: Redefining \not on input line 1551.
) (C:\Users\chris\AppData\Roaming\MiKTeX\tex/fonts/newtxtt\newtxtt.sty
Package: newtxtt 2014/12/23 v1.051

`newtxtt' v1.051, 2014/12/23 Typewriter text macros based on txfonts (msharpe)
(C:\Program Files\MiKTeX\tex/latex/base\fontenc.sty
Package: fontenc 2021/04/29 v2.0v Standard LaTeX package
LaTeX Font Info:    Trying to load font information for T1+LinuxLibertineT-TLF 
on input line 116.

(C:\Users\chris\AppData\Roaming\MiKTeX\tex/latex/libertine\t1linuxlibertinet-tl
f.fd
File: T1LinuxLibertineT-TLF.fd 2017/03/20 (autoinst) Font definitions for T1/Li
nuxLibertineT-TLF.
)
LaTeX Font Info:    Font shape `T1/LinuxLibertineT-TLF/m/n' will be
(Font)              scaled to size 10.95pt on input line 116.
)
LaTeX Font Info:    Setting newtxtt sub-encoding to TS1/0 on input line 9.
LaTeX Font Info:    Setting newtxttz sub-encoding to TS1/0 on input line 10.
)

******************************************************
Stock height and width: 845.04684pt by 597.50787pt
Top and edge trims: 0pt and 0pt
Page height and width: 845.04684pt by 597.50787pt
Text height and width: 643.20035pt by 369pt
Spine and edge margins: 91.04872pt and 136.57307pt
Upper and lower margins: 105.2751pt and 96.5714pt
Headheight and headsep: 13.6pt and 19.8738pt
Footskip: 27.46295pt
Columnsep and columnseprule: 10pt and 0pt
Marginparsep and marginparwidth: 7pt and 122.57307pt
Sidecapsep and sidecapwidth: 7pt and 101pt
Sidebarhsep and sidebarwidth: 7pt and 101pt
Sidebarvsep and sidebartopsep: 13.6pt and 0pt
Sidebarheight: 594.32022pt
Sidefoothsep and sidefootwidth: 7pt and 101pt
Sidefootvsep and sidefootheight: 13.6pt and 594.32022pt
******************************************************

(C:\Program Files\MiKTeX\tex/latex/xcolor\xcolor.sty
Package: xcolor 2023/11/15 v3.01 LaTeX color extensions (UK)

(C:\Program Files\MiKTeX\tex/latex/graphics-cfg\color.cfg
File: color.cfg 2016/01/02 v1.6 sample color configuration
)
Package xcolor Info: Driver file: pdftex.def on input line 274.

(C:\Program Files\MiKTeX\tex/latex/graphics-def\pdftex.def
File: pdftex.def 2024/04/13 v1.2c Graphics/color driver for pdftex
)
(C:\Program Files\MiKTeX\tex/latex/graphics\mathcolor.ltx)
Package xcolor Info: Model `cmy' substituted by `cmy0' on input line 1350.
Package xcolor Info: Model `hsb' substituted by `rgb' on input line 1354.
Package xcolor Info: Model `RGB' extended on input line 1366.
Package xcolor Info: Model `HTML' substituted by `rgb' on input line 1368.
Package xcolor Info: Model `Hsb' substituted by `hsb' on input line 1369.
Package xcolor Info: Model `tHsb' substituted by `hsb' on input line 1370.
Package xcolor Info: Model `HSB' substituted by `hsb' on input line 1371.
Package xcolor Info: Model `Gray' substituted by `gray' on input line 1372.
Package xcolor Info: Model `wave' substituted by `hsb' on input line 1373.
)
(C:\Program Files\MiKTeX\tex/latex/graphics\graphicx.sty
Package: graphicx 2021/09/16 v1.2d Enhanced LaTeX Graphics (DPC,SPQR)

(C:\Program Files\MiKTeX\tex/latex/graphics\graphics.sty
Package: graphics 2024/05/23 v1.4g Standard LaTeX Graphics (DPC,SPQR)

(C:\Program Files\MiKTeX\tex/latex/graphics\trig.sty
Package: trig 2023/12/02 v1.11 sin cos tan (DPC)
)
(C:\Program Files\MiKTeX\tex/latex/graphics-cfg\graphics.cfg
File: graphics.cfg 2016/06/04 v1.11 sample graphics configuration
)
Package graphics Info: Driver file: pdftex.def on input line 106.
)
\Gin@req@height=\dimen199
\Gin@req@width=\dimen256
)
\c@subfigure=\count337
\cftbeforesubfigureskip=\skip195
\cftsubfigureindent=\skip196
\cftsubfigurenumwidth=\skip197

(C:\Users\chris\AppData\Roaming\MiKTeX\tex/latex/threeparttable\threeparttable.
sty
Package: threeparttable 2003/06/13  v 3.0
\@tempboxb=\box60
) (C:\Users\chris\AppData\Roaming\MiKTeX\tex/latex/mathtools\mathtools.sty
Package: mathtools 2020/03/24 v1.24 mathematical typesetting tools

(C:\Users\chris\AppData\Roaming\MiKTeX\tex/latex/tools\calc.sty
Package: calc 2017/05/25 v4.3 Infix arithmetic (KKT,FJ)
\calc@Acount=\count338
\calc@Bcount=\count339
\calc@Adimen=\dimen257
\calc@Bdimen=\dimen258
\calc@Askip=\skip198
\calc@Bskip=\skip199
LaTeX Info: Redefining \setlength on input line 80.
LaTeX Info: Redefining \addtolength on input line 81.
\calc@Ccount=\count340
\calc@Cskip=\skip256
)
(C:\Users\chris\AppData\Roaming\MiKTeX\tex/latex/mathtools\mhsetup.sty
Package: mhsetup 2017/03/31 v1.3 programming setup (MH)
)
LaTeX Info: Thecontrolsequence`\('isalreadyrobust on input line 130.
LaTeX Info: Thecontrolsequence`\)'isalreadyrobust on input line 130.
LaTeX Info: Thecontrolsequence`\['isalreadyrobust on input line 130.
LaTeX Info: Thecontrolsequence`\]'isalreadyrobust on input line 130.
\g_MT_multlinerow_int=\count341
\l_MT_multwidth_dim=\dimen259
\origjot=\skip257
\l_MT_shortvdotswithinadjustabove_dim=\dimen260
\l_MT_shortvdotswithinadjustbelow_dim=\dimen261
\l_MT_above_intertext_sep=\dimen262
\l_MT_below_intertext_sep=\dimen263
\l_MT_above_shortintertext_sep=\dimen264
\l_MT_below_shortintertext_sep=\dimen265
\xmathstrut@box=\box61
\xmathstrut@dim=\dimen266
)
(C:\Users\chris\AppData\Roaming\MiKTeX\tex/latex/siunitx\siunitx.sty
Package: siunitx 2025-05-22 v3.4.12 A comprehensive (SI) units package
\l__siunitx_number_uncert_offset_int=\count342
\l__siunitx_number_exponent_fixed_int=\count343
\l__siunitx_number_min_decimal_int=\count344
\l__siunitx_number_min_integer_int=\count345
\l__siunitx_number_round_precision_int=\count346
\l__siunitx_number_lower_threshold_int=\count347
\l__siunitx_number_upper_threshold_int=\count348
\l__siunitx_number_group_first_int=\count349
\l__siunitx_number_group_size_int=\count350
\l__siunitx_number_group_minimum_int=\count351
\l__siunitx_angle_tmp_dim=\dimen267
\l__siunitx_angle_marker_box=\box62
\l__siunitx_angle_unit_box=\box63
\l__siunitx_compound_count_int=\count352

(C:\Users\chris\AppData\Roaming\MiKTeX\tex/latex/translations\translations.sty
Package: translations 2022/02/05 v1.12 internationalization of LaTeX2e packages
 (CN)

(C:\Program Files\MiKTeX\tex/generic/pdftexcmds\pdftexcmds.sty
Package: pdftexcmds 2020-06-27 v0.33 Utility functions of pdfTeX for LuaTeX (HO
)
Package pdftexcmds Info: \pdf@primitive is available.
Package pdftexcmds Info: \pdf@ifprimitive is available.
Package pdftexcmds Info: \pdfdraftmode found.
))
\l__siunitx_table_tmp_box=\box64
\l__siunitx_table_tmp_dim=\dimen268
\l__siunitx_table_column_width_dim=\dimen269
\l__siunitx_table_integer_box=\box65
\l__siunitx_table_decimal_box=\box66
\l__siunitx_table_uncert_box=\box67
\l__siunitx_table_before_box=\box68
\l__siunitx_table_after_box=\box69
\l__siunitx_table_before_dim=\dimen270
\l__siunitx_table_carry_dim=\dimen271
\l__siunitx_unit_tmp_int=\count353
\l__siunitx_unit_position_int=\count354
\l__siunitx_unit_total_int=\count355
)

Package siunitx Info: Option "separate-uncertainty" has been deprecated in
(siunitx)             this release.
(siunitx)             
(siunitx)             Use "uncertainty-mode = separate" as a replacement.


(C:\Users\chris\AppData\Roaming\MiKTeX\tex/latex/tools\xspace.sty
Package: xspace 2014/10/28 v1.13 Space after command names (DPC,MH)
)
(C:\Users\chris\AppData\Roaming\MiKTeX\tex/generic/soul\soul.sty
Package: soul 2023-06-14 v3.1 Permit use of UTF-8 characters in soul (HO)

(C:\Users\chris\AppData\Roaming\MiKTeX\tex/generic/soul\soul-ori.sty
Package: soul-ori 2023-06-14 v3.1 letterspacing/underlining (mf)
\SOUL@word=\toks38
\SOUL@lasttoken=\toks39
\SOUL@syllable=\toks40
\SOUL@cmds=\toks41
\SOUL@buffer=\toks42
\SOUL@token=\toks43
\SOUL@syllgoal=\dimen272
\SOUL@syllwidth=\dimen273
\SOUL@charkern=\dimen274
\SOUL@hyphkern=\dimen275
\SOUL@dimen=\dimen276
\SOUL@dimeni=\dimen277
\SOUL@minus=\count356
\SOUL@comma=\count357
\SOUL@apo=\count358
\SOUL@grave=\count359
\SOUL@spaceskip=\skip258
\SOUL@ttwidth=\dimen278
\SOUL@uldp=\dimen279
\SOUL@ulht=\dimen280
)
(C:\Users\chris\AppData\Roaming\MiKTeX\tex/generic/etexcmds\etexcmds.sty
Package: etexcmds 2019/12/15 v1.7 Avoid name clashes with e-TeX commands (HO)
))
(C:\Users\chris\AppData\Roaming\MiKTeX\tex/latex/enumitem\enumitem.sty
Package: enumitem 2025/02/06 v3.11 Customized lists
\labelindent=\skip259
\enit@outerparindent=\dimen281
\enit@toks=\toks44
\enit@inbox=\box70
\enit@count@id=\count360
\enitdp@description=\count361
)
(C:\Users\chris\AppData\Roaming\MiKTeX\tex/latex/metalogo\metalogo.sty
Package: metalogo 2010/05/29 v0.12 Extended TeX logo macros
\xl@everylogo=\toks45
\xl@@everylogo=\toks46
LaTeX Info: Redefining \TeX on input line 193.
LaTeX Info: Redefining \LaTeX on input line 202.
LaTeX Info: Redefining \LaTeXe on input line 219.
)
(C:\Users\chris\AppData\Roaming\MiKTeX\tex/latex/csquotes\csquotes.sty
Package: csquotes 2022-09-14 v5.2n context-sensitive quotations (JAW)
\csq@reset=\count362
\csq@gtype=\count363
\csq@glevel=\count364
\csq@qlevel=\count365
\csq@maxlvl=\count366
\csq@tshold=\count367
\csq@ltx@everypar=\toks47

(C:\Users\chris\AppData\Roaming\MiKTeX\tex/latex/csquotes\csquotes.def
File: csquotes.def 2022-09-14 v5.2n csquotes generic definitions (JAW)
)
Package csquotes Info: Trying to load configuration file 'csquotes.cfg'...
Package csquotes Info: ... configuration file loaded successfully.

(C:\Users\chris\AppData\Roaming\MiKTeX\tex/latex/csquotes\csquotes.cfg
File: csquotes.cfg 
))
(C:\Program Files\MiKTeX\tex/latex/url\url.sty
\Urlmuskip=\muskip18
Package: url 2013/09/16  ver 3.4  Verb mode for urls, etc.
)
(C:\Program Files\MiKTeX\tex/latex/biblatex\biblatex.sty
Package: biblatex 2024/03/21 v3.20 programmable bibliographies (PK/MW)

(C:\Users\chris\AppData\Roaming\MiKTeX\tex/latex/logreq\logreq.sty
Package: logreq 2010/08/04 v1.0 xml request logger
\lrq@indent=\count368

(C:\Users\chris\AppData\Roaming\MiKTeX\tex/latex/logreq\logreq.def
File: logreq.def 2010/08/04 v1.0 logreq spec v1.0
))
(C:\Program Files\MiKTeX\tex/latex/base\ifthen.sty
Package: ifthen 2024/03/16 v1.1e Standard LaTeX ifthen package (DPC)
)
\c@tabx@nest=\count369
\c@listtotal=\count370
\c@listcount=\count371
\c@liststart=\count372
\c@liststop=\count373
\c@citecount=\count374
\c@citetotal=\count375
\c@multicitecount=\count376
\c@multicitetotal=\count377
\c@instcount=\count378
\c@maxnames=\count379
\c@minnames=\count380
\c@maxitems=\count381
\c@minitems=\count382
\c@citecounter=\count383
\c@maxcitecounter=\count384
\c@savedcitecounter=\count385
\c@uniquelist=\count386
\c@uniquename=\count387
\c@refsection=\count388
\c@refsegment=\count389
\c@maxextratitle=\count390
\c@maxextratitleyear=\count391
\c@maxextraname=\count392
\c@maxextradate=\count393
\c@maxextraalpha=\count394
\c@abbrvpenalty=\count395
\c@highnamepenalty=\count396
\c@lownamepenalty=\count397
\c@maxparens=\count398
\c@parenlevel=\count399
\blx@tempcnta=\count400
\blx@tempcntb=\count401
\blx@tempcntc=\count402
\c@blx@maxsection=\count403
\blx@maxsegment@0=\count404
\blx@notetype=\count405
\blx@parenlevel@text=\count406
\blx@parenlevel@foot=\count407
\blx@sectionciteorder@0=\count408
\blx@sectionciteorderinternal@0=\count409
\blx@entrysetcounter=\count410
\blx@biblioinstance=\count411
\labelnumberwidth=\skip260
\labelalphawidth=\skip261
\biblabelsep=\skip262
\bibnamesep=\skip263
\bibinitsep=\skip264
\bibparsep=\skip265
\bibhang=\skip266
\blx@bcfin=\read5
\blx@bcfout=\write4
\blx@langwohyphens=\language80
\c@mincomprange=\count412
\c@maxcomprange=\count413
\c@mincompwidth=\count414
Package biblatex Info: Trying to load biblatex default data model...
Package biblatex Info: ... file 'blx-dm.def' found.

(C:\Program Files\MiKTeX\tex/latex/biblatex\blx-dm.def
File: blx-dm.def 2024/03/21 v3.20 biblatex datamodel (PK/MW)
)
Package biblatex Info: Trying to load biblatex style data model...
Package biblatex Info: ... file 'ieee.dbx' not found.
Package biblatex Info: Trying to load biblatex custom data model...
Package biblatex Info: ... file 'biblatex-dm.cfg' not found.
\c@afterword=\count415
\c@savedafterword=\count416
\c@annotator=\count417
\c@savedannotator=\count418
\c@author=\count419
\c@savedauthor=\count420
\c@bookauthor=\count421
\c@savedbookauthor=\count422
\c@commentator=\count423
\c@savedcommentator=\count424
\c@editor=\count425
\c@savededitor=\count426
\c@editora=\count427
\c@savededitora=\count428
\c@editorb=\count429
\c@savededitorb=\count430
\c@editorc=\count431
\c@savededitorc=\count432
\c@foreword=\count433
\c@savedforeword=\count434
\c@holder=\count435
\c@savedholder=\count436
\c@introduction=\count437
\c@savedintroduction=\count438
\c@namea=\count439
\c@savednamea=\count440
\c@nameb=\count441
\c@savednameb=\count442
\c@namec=\count443
\c@savednamec=\count444
\c@translator=\count445
\c@savedtranslator=\count446
\c@shortauthor=\count447
\c@savedshortauthor=\count448
\c@shorteditor=\count449
\c@savedshorteditor=\count450
\c@labelname=\count451
\c@savedlabelname=\count452
\c@institution=\count453
\c@savedinstitution=\count454
\c@lista=\count455
\c@savedlista=\count456
\c@listb=\count457
\c@savedlistb=\count458
\c@listc=\count459
\c@savedlistc=\count460
\c@listd=\count461
\c@savedlistd=\count462
\c@liste=\count463
\c@savedliste=\count464
\c@listf=\count465
\c@savedlistf=\count466
\c@location=\count467
\c@savedlocation=\count468
\c@organization=\count469
\c@savedorganization=\count470
\c@origlocation=\count471
\c@savedoriglocation=\count472
\c@origpublisher=\count473
\c@savedorigpublisher=\count474
\c@publisher=\count475
\c@savedpublisher=\count476
\c@language=\count477
\c@savedlanguage=\count478
\c@origlanguage=\count479
\c@savedoriglanguage=\count480
\c@pageref=\count481
\c@savedpageref=\count482
\shorthandwidth=\skip267
\shortjournalwidth=\skip268
\shortserieswidth=\skip269
\shorttitlewidth=\skip270
\shortauthorwidth=\skip271
\shorteditorwidth=\skip272
\locallabelnumberwidth=\skip273
\locallabelalphawidth=\skip274
\localshorthandwidth=\skip275
\localshortjournalwidth=\skip276
\localshortserieswidth=\skip277
\localshorttitlewidth=\skip278
\localshortauthorwidth=\skip279
\localshorteditorwidth=\skip280
Package biblatex Info: Trying to load compatibility code...
Package biblatex Info: ... file 'blx-compat.def' found.

(C:\Program Files\MiKTeX\tex/latex/biblatex\blx-compat.def
File: blx-compat.def 2024/03/21 v3.20 biblatex compatibility (PK/MW)
)
Package biblatex Info: Trying to load generic definitions...
Package biblatex Info: ... file 'biblatex.def' found.

(C:\Program Files\MiKTeX\tex/latex/biblatex\biblatex.def
File: biblatex.def 2024/03/21 v3.20 biblatex compatibility (PK/MW)
\c@textcitecount=\count483
\c@textcitetotal=\count484
\c@textcitemaxnames=\count485
\c@biburlbigbreakpenalty=\count486
\c@biburlbreakpenalty=\count487
\c@biburlnumpenalty=\count488
\c@biburlucpenalty=\count489
\c@biburllcpenalty=\count490
\biburlbigskip=\muskip19
\biburlnumskip=\muskip20
\biburlucskip=\muskip21
\biburllcskip=\muskip22
\c@smartand=\count491
)
Package biblatex Info: Trying to load bibliography style 'ieee'...
Package biblatex Info: ... file 'ieee.bbx' found.

(C:\Users\chris\AppData\Roaming\MiKTeX\tex/latex/biblatex-ieee\ieee.bbx
File: ieee.bbx 2025-03-14 v1.4e biblatex bibliography style
Package biblatex Info: Trying to load bibliography style 'numeric-comp'...
Package biblatex Info: ... file 'numeric-comp.bbx' found.

(C:\Program Files\MiKTeX\tex/latex/biblatex/bbx\numeric-comp.bbx
File: numeric-comp.bbx 2024/03/21 v3.20 biblatex bibliography style (PK/MW)
Package biblatex Info: Trying to load bibliography style 'numeric'...
Package biblatex Info: ... file 'numeric.bbx' found.

(C:\Program Files\MiKTeX\tex/latex/biblatex/bbx\numeric.bbx
File: numeric.bbx 2024/03/21 v3.20 biblatex bibliography style (PK/MW)
Package biblatex Info: Trying to load bibliography style 'standard'...
Package biblatex Info: ... file 'standard.bbx' found.

(C:\Program Files\MiKTeX\tex/latex/biblatex/bbx\standard.bbx
File: standard.bbx 2024/03/21 v3.20 biblatex bibliography style (PK/MW)
\c@bbx:relatedcount=\count492
\c@bbx:relatedtotal=\count493
)))

Package biblatex Warning: Macro 'volume+number' undefined.
(biblatex)                Using \newbibmacro.

)
Package biblatex Info: Trying to load citation style 'ieee'...
Package biblatex Info: ... file 'ieee.cbx' found.
 (C:\Users\chris\AppData\Roaming\MiKTeX\tex/latex/biblatex-ieee\ieee.cbx
File: ieee.cbx 2025-03-14 v1.4e biblatex citation style
Package biblatex Info: Trying to load citation style 'numeric-verb'...
Package biblatex Info: ... file 'numeric-verb.cbx' found.

(C:\Program Files\MiKTeX\tex/latex/biblatex/cbx\numeric-verb.cbx
File: numeric-verb.cbx 2024/03/21 v3.20 biblatex citation style (PK/MW)
Package biblatex Info: Redefining '\cite'.
Package biblatex Info: Redefining '\parencite'.
Package biblatex Info: Redefining '\footcite'.
Package biblatex Info: Redefining '\footcitetext'.
Package biblatex Info: Redefining '\smartcite'.
Package biblatex Info: Redefining '\textcite'.
Package biblatex Info: Redefining '\supercite'.
Package biblatex Info: Redefining '\parencites'.
Package biblatex Info: Redefining '\smartcites'.
Package biblatex Info: Redefining '\textcites'.
))
Package biblatex Info: Trying to load configuration file...
Package biblatex Info: ... file 'biblatex.cfg' found.

(C:\Program Files\MiKTeX\tex/latex/biblatex\biblatex.cfg
File: biblatex.cfg 
)
Package biblatex Info: Input encoding 'utf8' detected.
Package biblatex Info: Document encoding is UTF8 ....
Package biblatex Info: ... and expl3
(biblatex)             2024-08-30 L3 programming layer (loader) 
(biblatex)             is new enough (at least 2020/04/06),
(biblatex)             setting 'casechanger=expl3'.

(C:\Program Files\MiKTeX\tex/latex/biblatex\blx-case-expl3.sty
Package: blx-case-expl3 2024/03/21 v3.20 expl3 case changing code for biblatex
))
(C:\Program Files\MiKTeX\tex/latex/amsfonts\amssymb.sty
Package: amssymb 2013/01/14 v3.01 AMS font symbols

(C:\Program Files\MiKTeX\tex/latex/amsfonts\amsfonts.sty
Package: amsfonts 2013/01/14 v3.01 Basic AMSFonts support
\symAMSa=\mathgroup7
\symAMSb=\mathgroup8
LaTeX Font Info:    Overwriting math alphabet `\mathfrak' in version `bold'
(Font)                  U/euf/m/n --> U/euf/b/n on input line 106.
LaTeX Font Info:    Redeclaring math symbol \square on input line 141.
LaTeX Font Info:    Redeclaring math symbol \lozenge on input line 142.
)
LaTeX Font Info:    Redeclaring math symbol \boxdot on input line 44.
LaTeX Font Info:    Redeclaring math symbol \boxplus on input line 45.
LaTeX Font Info:    Redeclaring math symbol \boxtimes on input line 46.
LaTeX Font Info:    Redeclaring math symbol \blacksquare on input line 48.
LaTeX Font Info:    Redeclaring math symbol \centerdot on input line 49.
LaTeX Font Info:    Redeclaring math symbol \leftrightharpoons on input line 56
.
LaTeX Font Info:    Redeclaring math symbol \boxminus on input line 57.
LaTeX Font Info:    Redeclaring math symbol \Vdash on input line 58.
LaTeX Font Info:    Redeclaring math symbol \Vvdash on input line 59.
LaTeX Font Info:    Redeclaring math symbol \vDash on input line 60.
LaTeX Font Info:    Redeclaring math symbol \circeq on input line 82.
LaTeX Font Info:    Redeclaring math symbol \succsim on input line 83.
LaTeX Font Info:    Redeclaring math symbol \gtrsim on input line 84.
LaTeX Font Info:    Redeclaring math symbol \therefore on input line 87.
LaTeX Font Info:    Redeclaring math symbol \because on input line 88.
LaTeX Font Info:    Redeclaring math symbol \doteqdot on input line 89.
LaTeX Font Info:    Redeclaring math symbol \triangleq on input line 91.
LaTeX Font Info:    Redeclaring math symbol \precsim on input line 92.
LaTeX Font Info:    Redeclaring math symbol \lesssim on input line 93.
LaTeX Font Info:    Redeclaring math symbol \curlyeqprec on input line 97.
LaTeX Font Info:    Redeclaring math symbol \curlyeqsucc on input line 98.
LaTeX Font Info:    Redeclaring math symbol \preccurlyeq on input line 99.
LaTeX Font Info:    Redeclaring math symbol \leqq on input line 100.
LaTeX Font Info:    Redeclaring math symbol \lessgtr on input line 102.
LaTeX Font Info:    Redeclaring math symbol \backprime on input line 103.
LaTeX Font Info:    Redeclaring math symbol \risingdotseq on input line 104.
LaTeX Font Info:    Redeclaring math symbol \fallingdotseq on input line 105.
LaTeX Font Info:    Redeclaring math symbol \succcurlyeq on input line 106.
LaTeX Font Info:    Redeclaring math symbol \geqq on input line 107.
LaTeX Font Info:    Redeclaring math symbol \gtrless on input line 109.
LaTeX Font Info:    Redeclaring math symbol \between on input line 118.
LaTeX Font Info:    Redeclaring math symbol \blacktriangledown on input line 11
9.
LaTeX Font Info:    Redeclaring math symbol \blacktriangleright on input line 1
20.
LaTeX Font Info:    Redeclaring math symbol \blacktriangleleft on input line 12
1.
LaTeX Font Info:    Redeclaring math symbol \triangledown on input line 124.
LaTeX Font Info:    Redeclaring math symbol \eqcirc on input line 125.
LaTeX Font Info:    Redeclaring math symbol \lesseqgtr on input line 126.
LaTeX Font Info:    Redeclaring math symbol \gtreqless on input line 127.
LaTeX Font Info:    Redeclaring math symbol \measuredangle on input line 137.
LaTeX Font Info:    Redeclaring math symbol \sphericalangle on input line 138.
LaTeX Font Info:    Redeclaring math symbol \curlywedge on input line 148.
LaTeX Font Info:    Redeclaring math symbol \curlyvee on input line 149.
LaTeX Font Info:    Redeclaring math symbol \bumpeq on input line 154.
LaTeX Font Info:    Redeclaring math symbol \Bumpeq on input line 155.
LaTeX Font Info:    Redeclaring math symbol \lll on input line 156.
LaTeX Font Info:    Redeclaring math symbol \ggg on input line 158.
LaTeX Font Info:    Redeclaring math symbol \dotplus on input line 162.
LaTeX Font Info:    Redeclaring math symbol \backsim on input line 163.
LaTeX Font Info:    Redeclaring math symbol \backsimeq on input line 164.
LaTeX Font Info:    Redeclaring math symbol \complement on input line 165.
LaTeX Font Info:    Redeclaring math symbol \circledcirc on input line 167.
LaTeX Font Info:    Redeclaring math symbol \circledast on input line 168.
LaTeX Font Info:    Redeclaring math symbol \circleddash on input line 169.
LaTeX Font Info:    Redeclaring math symbol \nleq on input line 173.
LaTeX Font Info:    Redeclaring math symbol \ngeq on input line 174.
LaTeX Font Info:    Redeclaring math symbol \nless on input line 175.
LaTeX Font Info:    Redeclaring math symbol \ngtr on input line 176.
LaTeX Font Info:    Redeclaring math symbol \nprec on input line 177.
LaTeX Font Info:    Redeclaring math symbol \nsucc on input line 178.
LaTeX Font Info:    Redeclaring math symbol \lneqq on input line 179.
LaTeX Font Info:    Redeclaring math symbol \gneqq on input line 180.
LaTeX Font Info:    Redeclaring math symbol \precnsim on input line 187.
LaTeX Font Info:    Redeclaring math symbol \succnsim on input line 188.
LaTeX Font Info:    Redeclaring math symbol \lnsim on input line 189.
LaTeX Font Info:    Redeclaring math symbol \gnsim on input line 190.
LaTeX Font Info:    Redeclaring math symbol \precneqq on input line 193.
LaTeX Font Info:    Redeclaring math symbol \succneqq on input line 194.
LaTeX Font Info:    Redeclaring math symbol \nsim on input line 199.
LaTeX Font Info:    Redeclaring math symbol \ncong on input line 200.
LaTeX Font Info:    Redeclaring math symbol \subsetneq on input line 211.
LaTeX Font Info:    Redeclaring math symbol \supsetneq on input line 212.
LaTeX Font Info:    Redeclaring math symbol \nsubseteq on input line 213.
LaTeX Font Info:    Redeclaring math symbol \nsupseteq on input line 214.
LaTeX Font Info:    Redeclaring math symbol \nparallel on input line 215.
LaTeX Font Info:    Redeclaring math symbol \nmid on input line 216.
LaTeX Font Info:    Redeclaring math symbol \nvdash on input line 219.
LaTeX Font Info:    Redeclaring math symbol \nVdash on input line 220.
LaTeX Font Info:    Redeclaring math symbol \nvDash on input line 221.
LaTeX Font Info:    Redeclaring math symbol \nVDash on input line 222.
LaTeX Font Info:    Redeclaring math symbol \ntrianglerighteq on input line 223
.
LaTeX Font Info:    Redeclaring math symbol \ntrianglelefteq on input line 224.

LaTeX Font Info:    Redeclaring math symbol \nleftarrow on input line 227.
LaTeX Font Info:    Redeclaring math symbol \nrightarrow on input line 228.
LaTeX Font Info:    Redeclaring math symbol \nLeftarrow on input line 229.
LaTeX Font Info:    Redeclaring math symbol \nRightarrow on input line 230.
LaTeX Font Info:    Redeclaring math symbol \nLeftrightarrow on input line 231.

LaTeX Font Info:    Redeclaring math symbol \nleftrightarrow on input line 232.

LaTeX Font Info:    Redeclaring math symbol \varnothing on input line 234.
LaTeX Font Info:    Redeclaring math symbol \nexists on input line 235.
LaTeX Font Info:    Redeclaring math symbol \Finv on input line 236.
LaTeX Font Info:    Redeclaring math symbol \Game on input line 237.
LaTeX Font Info:    Redeclaring math symbol \eqsim on input line 241.
LaTeX Font Info:    Redeclaring math symbol \beth on input line 242.
LaTeX Font Info:    Redeclaring math symbol \gimel on input line 243.
LaTeX Font Info:    Redeclaring math symbol \daleth on input line 244.
LaTeX Font Info:    Redeclaring math symbol \lessdot on input line 245.
LaTeX Font Info:    Redeclaring math symbol \gtrdot on input line 246.
LaTeX Font Info:    Redeclaring math symbol \ltimes on input line 247.
LaTeX Font Info:    Redeclaring math symbol \rtimes on input line 248.
LaTeX Font Info:    Redeclaring math symbol \smallsetminus on input line 251.
LaTeX Font Info:    Redeclaring math symbol \thicksim on input line 252.
LaTeX Font Info:    Redeclaring math symbol \thickapprox on input line 253.
LaTeX Font Info:    Redeclaring math symbol \approxeq on input line 254.
LaTeX Font Info:    Redeclaring math symbol \digamma on input line 259.
LaTeX Font Info:    Redeclaring math symbol \varkappa on input line 260.
LaTeX Font Info:    Redeclaring math symbol \hslash on input line 262.
LaTeX Font Info:    Redeclaring math symbol \backepsilon on input line 265.
)
(C:\Users\chris\AppData\Roaming\MiKTeX\tex/latex/amscls\amsthm.sty
Package: amsthm 2020/05/29 v2.20.6
\thm@style=\toks48
\thm@bodyfont=\toks49
\thm@headfont=\toks50
\thm@notefont=\toks51
\thm@headpunct=\toks52
\thm@preskip=\skip281
\thm@postskip=\skip282
\thm@headsep=\skip283
\dth@everypar=\toks53
)
(C:\Users\chris\AppData\Roaming\MiKTeX\tex/latex/tools\varioref.sty
Package: varioref 2022/01/09 v1.6f package for extended references (FMi)
\c@vrcnt=\count494
)
(C:\Program Files\MiKTeX\tex/latex/hyperref\hyperref.sty
Package: hyperref 2024-07-10 v7.01j Hypertext links for LaTeX

(C:\Users\chris\AppData\Roaming\MiKTeX\tex/generic/kvdefinekeys\kvdefinekeys.st
y
Package: kvdefinekeys 2019-12-19 v1.6 Define keys (HO)
) (C:\Users\chris\AppData\Roaming\MiKTeX\tex/generic/pdfescape\pdfescape.sty
Package: pdfescape 2019/12/09 v1.15 Implements pdfTeX's escape features (HO)
)
(C:\Users\chris\AppData\Roaming\MiKTeX\tex/latex/hycolor\hycolor.sty
Package: hycolor 2020-01-27 v1.10 Color options for hyperref/bookmark (HO)
)
(C:\Users\chris\AppData\Roaming\MiKTeX\tex/generic/stringenc\stringenc.sty
Package: stringenc 2019/11/29 v1.12 Convert strings between diff. encodings (HO
)
)
\@linkdim=\dimen282
\Hy@linkcounter=\count495
\Hy@pagecounter=\count496

(C:\Program Files\MiKTeX\tex/latex/hyperref\pd1enc.def
File: pd1enc.def 2024-07-10 v7.01j Hyperref: PDFDocEncoding definition (HO)
Now handling font encoding PD1 ...
... no UTF-8 mapping file for font encoding PD1
)
(C:\Users\chris\AppData\Roaming\MiKTeX\tex/generic/intcalc\intcalc.sty
Package: intcalc 2019/12/15 v1.3 Expandable calculations with integers (HO)
)
\Hy@SavedSpaceFactor=\count497

(C:\Program Files\MiKTeX\tex/latex/hyperref\puenc.def
File: puenc.def 2024-07-10 v7.01j Hyperref: PDF Unicode definition (HO)
Now handling font encoding PU ...
... no UTF-8 mapping file for font encoding PU
)
Package hyperref Info: Option `unicode' set `true' on input line 4040.
Package hyperref Info: Option `bookmarksopen' set `true' on input line 4040.
Package hyperref Info: Option `pdfdisplaydoctitle' set `true' on input line 404
0.
Package hyperref Info: Option `hypertexnames' set `false' on input line 4040.
Package hyperref Info: Hyper figures OFF on input line 4157.
Package hyperref Info: Link nesting OFF on input line 4162.
Package hyperref Info: Hyper index ON on input line 4165.
Package hyperref Info: Plain pages OFF on input line 4172.
Package hyperref Info: Backreferencing OFF on input line 4177.
Package hyperref Info: Implicit mode ON; LaTeX internals redefined.
Package hyperref Info: Bookmarks ON on input line 4424.
\c@Hy@tempcnt=\count498
LaTeX Info: Redefining \url on input line 4763.
\XeTeXLinkMargin=\dimen283

(C:\Users\chris\AppData\Roaming\MiKTeX\tex/generic/bitset\bitset.sty
Package: bitset 2019/12/09 v1.3 Handle bit-vector datatype (HO)

(C:\Users\chris\AppData\Roaming\MiKTeX\tex/generic/bigintcalc\bigintcalc.sty
Package: bigintcalc 2019/12/15 v1.5 Expandable calculations on big integers (HO
)
))
\Fld@menulength=\count499
\Field@Width=\dimen284
\Fld@charsize=\dimen285
Package hyperref Info: Hyper figures OFF on input line 6042.
Package hyperref Info: Link nesting OFF on input line 6047.
Package hyperref Info: Hyper index ON on input line 6050.
Package hyperref Info: backreferencing OFF on input line 6057.
Package hyperref Info: Link coloring OFF on input line 6062.
Package hyperref Info: Link coloring with OCG OFF on input line 6067.
Package hyperref Info: PDF/A mode OFF on input line 6072.

(C:\Program Files\MiKTeX\tex/latex/base\atbegshi-ltx.sty
Package: atbegshi-ltx 2021/01/10 v1.0c Emulation of the original atbegshi
package with kernel methods
)
\Hy@abspage=\count500
\c@Item=\count501
\c@Hfootnote=\count502
)
Package hyperref Info: Driver (autodetected): hpdftex.

(C:\Program Files\MiKTeX\tex/latex/hyperref\hpdftex.def
File: hpdftex.def 2024-07-10 v7.01j Hyperref driver for pdfTeX

(C:\Program Files\MiKTeX\tex/latex/base\atveryend-ltx.sty
Package: atveryend-ltx 2020/08/19 v1.0a Emulation of the original atveryend pac
kage
with kernel methods
)
\Fld@listcount=\count503
\c@bookmark@seq@number=\count504

(C:\Users\chris\AppData\Roaming\MiKTeX\tex/latex/rerunfilecheck\rerunfilecheck.
sty
Package: rerunfilecheck 2019/12/05 v1.9 Rerun checks for auxiliary files (HO)

(C:\Users\chris\AppData\Roaming\MiKTeX\tex/generic/uniquecounter\uniquecounter.
sty
Package: uniquecounter 2019/12/15 v1.4 Provide unlimited unique counter (HO)
)
Package uniquecounter Info: New unique counter `rerunfilecheck' on input line 2
86.
)
\Hy@SectionHShift=\skip284
) (C:\Users\chris\AppData\Roaming\MiKTeX\tex/latex/memoir\memhfixc.sty
Package: memhfixc 2023/09/10 v1.22 hyperref package fixes for memoir class
\c@memhycontfloat=\count505
\c@Hpagenote=\count506
)
(C:\Users\chris\AppData\Roaming\MiKTeX\tex/latex/cleveref\cleveref.sty
Package: cleveref 2018/03/27 v0.21.4 Intelligent cross-referencing
LaTeX Info: Redefining \Cref on input line 925.
Package cleveref Info: `hyperref' support loaded on input line 2370.
LaTeX Info: Redefining \cref on input line 2370.
LaTeX Info: Redefining \Cref on input line 2370.
LaTeX Info: Redefining \crefrange on input line 2370.
LaTeX Info: Redefining \Crefrange on input line 2370.
LaTeX Info: Redefining \cpageref on input line 2370.
LaTeX Info: Redefining \Cpageref on input line 2370.
LaTeX Info: Redefining \cpagerefrange on input line 2370.
LaTeX Info: Redefining \Cpagerefrange on input line 2370.
LaTeX Info: Redefining \labelcref on input line 2370.
LaTeX Info: Redefining \labelcpageref on input line 2370.
Package cleveref Info: `varioref' support loaded on input line 2605.
Package cleveref Info: `cleveref' supersedes `varioref's \labelformatcommand on
 input line 2605.
LaTeX Info: Redefining \vref on input line 2605.
LaTeX Info: Redefining \Vref on input line 2605.
LaTeX Info: Redefining \vrefrange on input line 2605.
LaTeX Info: Redefining \fullref on input line 2605.
Package cleveref Info: `amsthm' support loaded on input line 3026.
)
\c@theorem=\count507
Package hyperref Info: Option `colorlinks' set `false' on input line 393.

(C:\Users\chris\AppData\Roaming\MiKTeX\tex/latex/svg\svg.sty
Package: svg 2020/11/26 v2.02k (include SVG pictures)

(C:\Users\chris\AppData\Roaming\MiKTeX\tex/latex/koma-script\scrbase.sty
Package: scrbase 2024/10/24 v3.43 KOMA-Script package (KOMA-Script-independent 
basics and keyval usage)

(C:\Users\chris\AppData\Roaming\MiKTeX\tex/latex/koma-script\scrlfile.sty
Package: scrlfile 2024/10/24 v3.43 KOMA-Script package (file load hooks)

(C:\Users\chris\AppData\Roaming\MiKTeX\tex/latex/koma-script\scrlfile-hook.sty
Package: scrlfile-hook 2024/10/24 v3.43 KOMA-Script package (using LaTeX hooks)


(C:\Users\chris\AppData\Roaming\MiKTeX\tex/latex/koma-script\scrlogo.sty
Package: scrlogo 2024/10/24 v3.43 KOMA-Script package (logo)
)))
Applying: [2021/05/01] Usage of raw or classic option list on input line 254.
Already applied: [0000/00/00] Usage of raw or classic option list on input line
 370.
)
(C:\Program Files\MiKTeX\tex/latex/trimspaces\trimspaces.sty
Package: trimspaces 2009/09/17 v1.1 Trim spaces around a token list
)
(C:\Users\chris\AppData\Roaming\MiKTeX\tex/latex/tools\shellesc.sty
Package: shellesc 2019/11/08 v1.0c unified shell escape interface for LaTeX
Package shellesc Info: Unrestricted shell escape enabled on input line 75.
)
(C:\Users\chris\AppData\Roaming\MiKTeX\tex/latex/ifplatform\ifplatform.sty
Package: ifplatform 2017/10/13 v0.4a Testing for the operating system

(C:\Users\chris\AppData\Roaming\MiKTeX\tex/generic/catchfile\catchfile.sty
Package: catchfile 2019/12/09 v1.8 Catch the contents of a file (HO)
))
\c@svg@param@lastpage=\count508
\svg@box=\box71
\c@svg@param@currpage=\count509
)
(C:\Users\chris\AppData\Roaming\MiKTeX\tex/latex/transparent\transparent.sty
Package: transparent 2022-10-27 v1.5 Transparency with color stacks

(C:\Users\chris\AppData\Roaming\MiKTeX\tex/latex/transparent\transparent-nometa
data.sty
Package: transparent-nometadata 2022-10-27 v1.5 Transparency via pdfTeX's color
 stack (HO)
 (C:\Users\chris\AppData\Roaming\MiKTeX\tex/latex/auxhook\auxhook.sty
Package: auxhook 2019-12-17 v1.6 Hooks for auxiliary files (HO)
))) (C:\Program Files\MiKTeX\tex/latex/pgf/systemlayer\pgfsys.sty
(C:\Program Files\MiKTeX\tex/latex/pgf/utilities\pgfrcs.sty
(C:\Program Files\MiKTeX\tex/generic/pgf/utilities\pgfutil-common.tex
\pgfutil@everybye=\toks54
\pgfutil@tempdima=\dimen286
\pgfutil@tempdimb=\dimen287
)
(C:\Program Files\MiKTeX\tex/generic/pgf/utilities\pgfutil-latex.def
\pgfutil@abb=\box72
)
(C:\Program Files\MiKTeX\tex/generic/pgf/utilities\pgfrcs.code.tex
(C:\Program Files\MiKTeX\tex/generic/pgf\pgf.revision.tex)
Package: pgfrcs 2023-01-15 v3.1.10 (3.1.10)
))
(C:\Program Files\MiKTeX\tex/generic/pgf/systemlayer\pgfsys.code.tex
Package: pgfsys 2023-01-15 v3.1.10 (3.1.10)

(C:\Program Files\MiKTeX\tex/generic/pgf/utilities\pgfkeys.code.tex
\pgfkeys@pathtoks=\toks55
\pgfkeys@temptoks=\toks56

(C:\Program Files\MiKTeX\tex/generic/pgf/utilities\pgfkeyslibraryfiltered.code.
tex
\pgfkeys@tmptoks=\toks57
))
\pgf@x=\dimen288
\pgf@y=\dimen289
\pgf@xa=\dimen290
\pgf@ya=\dimen291
\pgf@xb=\dimen292
\pgf@yb=\dimen293
\pgf@xc=\dimen294
\pgf@yc=\dimen295
\pgf@xd=\dimen296
\pgf@yd=\dimen297
\w@pgf@writea=\write5
\r@pgf@reada=\read6
\c@pgf@counta=\count510
\c@pgf@countb=\count511
\c@pgf@countc=\count512
\c@pgf@countd=\count513
\t@pgf@toka=\toks58
\t@pgf@tokb=\toks59
\t@pgf@tokc=\toks60
\pgf@sys@id@count=\count514
 (C:\Program Files\MiKTeX\tex/generic/pgf/systemlayer\pgf.cfg
File: pgf.cfg 2023-01-15 v3.1.10 (3.1.10)
)
Driver file for pgf: pgfsys-pdftex.def

(C:\Program Files\MiKTeX\tex/generic/pgf/systemlayer\pgfsys-pdftex.def
File: pgfsys-pdftex.def 2023-01-15 v3.1.10 (3.1.10)

(C:\Program Files\MiKTeX\tex/generic/pgf/systemlayer\pgfsys-common-pdf.def
File: pgfsys-common-pdf.def 2023-01-15 v3.1.10 (3.1.10)
)))
(C:\Program Files\MiKTeX\tex/generic/pgf/systemlayer\pgfsyssoftpath.code.tex
File: pgfsyssoftpath.code.tex 2023-01-15 v3.1.10 (3.1.10)
\pgfsyssoftpath@smallbuffer@items=\count515
\pgfsyssoftpath@bigbuffer@items=\count516
)
(C:\Program Files\MiKTeX\tex/generic/pgf/systemlayer\pgfsysprotocol.code.tex
File: pgfsysprotocol.code.tex 2023-01-15 v3.1.10 (3.1.10)
))
(C:\Program Files\MiKTeX\tex/latex/pgf/frontendlayer\tikz.sty
(C:\Program Files\MiKTeX\tex/latex/pgf/basiclayer\pgf.sty
Package: pgf 2023-01-15 v3.1.10 (3.1.10)

(C:\Program Files\MiKTeX\tex/latex/pgf/basiclayer\pgfcore.sty
(C:\Program Files\MiKTeX\tex/generic/pgf/basiclayer\pgfcore.code.tex
Package: pgfcore 2023-01-15 v3.1.10 (3.1.10)

(C:\Program Files\MiKTeX\tex/generic/pgf/math\pgfmath.code.tex
(C:\Program Files\MiKTeX\tex/generic/pgf/math\pgfmathutil.code.tex)
(C:\Program Files\MiKTeX\tex/generic/pgf/math\pgfmathparser.code.tex
\pgfmath@dimen=\dimen298
\pgfmath@count=\count517
\pgfmath@box=\box73
\pgfmath@toks=\toks61
\pgfmath@stack@operand=\toks62
\pgfmath@stack@operation=\toks63
)
(C:\Program Files\MiKTeX\tex/generic/pgf/math\pgfmathfunctions.code.tex)
(C:\Program Files\MiKTeX\tex/generic/pgf/math\pgfmathfunctions.basic.code.tex)
(C:\Program Files\MiKTeX\tex/generic/pgf/math\pgfmathfunctions.trigonometric.co
de.tex)
(C:\Program Files\MiKTeX\tex/generic/pgf/math\pgfmathfunctions.random.code.tex)

(C:\Program Files\MiKTeX\tex/generic/pgf/math\pgfmathfunctions.comparison.code.
tex)
(C:\Program Files\MiKTeX\tex/generic/pgf/math\pgfmathfunctions.base.code.tex)
(C:\Program Files\MiKTeX\tex/generic/pgf/math\pgfmathfunctions.round.code.tex)
(C:\Program Files\MiKTeX\tex/generic/pgf/math\pgfmathfunctions.misc.code.tex)
(C:\Program Files\MiKTeX\tex/generic/pgf/math\pgfmathfunctions.integerarithmeti
cs.code.tex) (C:\Program Files\MiKTeX\tex/generic/pgf/math\pgfmathcalc.code.tex
) (C:\Program Files\MiKTeX\tex/generic/pgf/math\pgfmathfloat.code.tex
\c@pgfmathroundto@lastzeros=\count518
))
(C:\Program Files\MiKTeX\tex/generic/pgf/math\pgfint.code.tex)
(C:\Program Files\MiKTeX\tex/generic/pgf/basiclayer\pgfcorepoints.code.tex
File: pgfcorepoints.code.tex 2023-01-15 v3.1.10 (3.1.10)
\pgf@picminx=\dimen299
\pgf@picmaxx=\dimen300
\pgf@picminy=\dimen301
\pgf@picmaxy=\dimen302
\pgf@pathminx=\dimen303
\pgf@pathmaxx=\dimen304
\pgf@pathminy=\dimen305
\pgf@pathmaxy=\dimen306
\pgf@xx=\dimen307
\pgf@xy=\dimen308
\pgf@yx=\dimen309
\pgf@yy=\dimen310
\pgf@zx=\dimen311
\pgf@zy=\dimen312
)
(C:\Program Files\MiKTeX\tex/generic/pgf/basiclayer\pgfcorepathconstruct.code.t
ex
File: pgfcorepathconstruct.code.tex 2023-01-15 v3.1.10 (3.1.10)
\pgf@path@lastx=\dimen313
\pgf@path@lasty=\dimen314
)
(C:\Program Files\MiKTeX\tex/generic/pgf/basiclayer\pgfcorepathusage.code.tex
File: pgfcorepathusage.code.tex 2023-01-15 v3.1.10 (3.1.10)
\pgf@shorten@end@additional=\dimen315
\pgf@shorten@start@additional=\dimen316
)
(C:\Program Files\MiKTeX\tex/generic/pgf/basiclayer\pgfcorescopes.code.tex
File: pgfcorescopes.code.tex 2023-01-15 v3.1.10 (3.1.10)
\pgfpic=\box74
\pgf@hbox=\box75
\pgf@layerbox@main=\box76
\pgf@picture@serial@count=\count519
)
(C:\Program Files\MiKTeX\tex/generic/pgf/basiclayer\pgfcoregraphicstate.code.te
x
File: pgfcoregraphicstate.code.tex 2023-01-15 v3.1.10 (3.1.10)
\pgflinewidth=\dimen317
)
(C:\Program Files\MiKTeX\tex/generic/pgf/basiclayer\pgfcoretransformations.code
.tex
File: pgfcoretransformations.code.tex 2023-01-15 v3.1.10 (3.1.10)
\pgf@pt@x=\dimen318
\pgf@pt@y=\dimen319
\pgf@pt@temp=\dimen320
) (C:\Program Files\MiKTeX\tex/generic/pgf/basiclayer\pgfcorequick.code.tex
File: pgfcorequick.code.tex 2023-01-15 v3.1.10 (3.1.10)
) (C:\Program Files\MiKTeX\tex/generic/pgf/basiclayer\pgfcoreobjects.code.tex
File: pgfcoreobjects.code.tex 2023-01-15 v3.1.10 (3.1.10)
)
(C:\Program Files\MiKTeX\tex/generic/pgf/basiclayer\pgfcorepathprocessing.code.
tex
File: pgfcorepathprocessing.code.tex 2023-01-15 v3.1.10 (3.1.10)
) (C:\Program Files\MiKTeX\tex/generic/pgf/basiclayer\pgfcorearrows.code.tex
File: pgfcorearrows.code.tex 2023-01-15 v3.1.10 (3.1.10)
\pgfarrowsep=\dimen321
) (C:\Program Files\MiKTeX\tex/generic/pgf/basiclayer\pgfcoreshade.code.tex
File: pgfcoreshade.code.tex 2023-01-15 v3.1.10 (3.1.10)
\pgf@max=\dimen322
\pgf@sys@shading@range@num=\count520
\pgf@shadingcount=\count521
)
(C:\Program Files\MiKTeX\tex/generic/pgf/basiclayer\pgfcoreimage.code.tex
File: pgfcoreimage.code.tex 2023-01-15 v3.1.10 (3.1.10)
)
(C:\Program Files\MiKTeX\tex/generic/pgf/basiclayer\pgfcoreexternal.code.tex
File: pgfcoreexternal.code.tex 2023-01-15 v3.1.10 (3.1.10)
\pgfexternal@startupbox=\box77
)
(C:\Program Files\MiKTeX\tex/generic/pgf/basiclayer\pgfcorelayers.code.tex
File: pgfcorelayers.code.tex 2023-01-15 v3.1.10 (3.1.10)
)
(C:\Program Files\MiKTeX\tex/generic/pgf/basiclayer\pgfcoretransparency.code.te
x
File: pgfcoretransparency.code.tex 2023-01-15 v3.1.10 (3.1.10)
) (C:\Program Files\MiKTeX\tex/generic/pgf/basiclayer\pgfcorepatterns.code.tex
File: pgfcorepatterns.code.tex 2023-01-15 v3.1.10 (3.1.10)
) (C:\Program Files\MiKTeX\tex/generic/pgf/basiclayer\pgfcorerdf.code.tex
File: pgfcorerdf.code.tex 2023-01-15 v3.1.10 (3.1.10)
)))
(C:\Program Files\MiKTeX\tex/generic/pgf/modules\pgfmoduleshapes.code.tex
File: pgfmoduleshapes.code.tex 2023-01-15 v3.1.10 (3.1.10)
\pgfnodeparttextbox=\box78
)
(C:\Program Files\MiKTeX\tex/generic/pgf/modules\pgfmoduleplot.code.tex
File: pgfmoduleplot.code.tex 2023-01-15 v3.1.10 (3.1.10)
)
(C:\Program Files\MiKTeX\tex/latex/pgf/compatibility\pgfcomp-version-0-65.sty
Package: pgfcomp-version-0-65 2023-01-15 v3.1.10 (3.1.10)
\pgf@nodesepstart=\dimen323
\pgf@nodesepend=\dimen324
)
(C:\Program Files\MiKTeX\tex/latex/pgf/compatibility\pgfcomp-version-1-18.sty
Package: pgfcomp-version-1-18 2023-01-15 v3.1.10 (3.1.10)
)) (C:\Program Files\MiKTeX\tex/latex/pgf/utilities\pgffor.sty
(C:\Program Files\MiKTeX\tex/latex/pgf/utilities\pgfkeys.sty
(C:\Program Files\MiKTeX\tex/generic/pgf/utilities\pgfkeys.code.tex))
(C:\Program Files\MiKTeX\tex/latex/pgf/math\pgfmath.sty
(C:\Program Files\MiKTeX\tex/generic/pgf/math\pgfmath.code.tex))
(C:\Program Files\MiKTeX\tex/generic/pgf/utilities\pgffor.code.tex
Package: pgffor 2023-01-15 v3.1.10 (3.1.10)
\pgffor@iter=\dimen325
\pgffor@skip=\dimen326
\pgffor@stack=\toks64
\pgffor@toks=\toks65
))
(C:\Program Files\MiKTeX\tex/generic/pgf/frontendlayer/tikz\tikz.code.tex
Package: tikz 2023-01-15 v3.1.10 (3.1.10)

(C:\Program Files\MiKTeX\tex/generic/pgf/libraries\pgflibraryplothandlers.code.
tex
File: pgflibraryplothandlers.code.tex 2023-01-15 v3.1.10 (3.1.10)
\pgf@plot@mark@count=\count522
\pgfplotmarksize=\dimen327
)
\tikz@lastx=\dimen328
\tikz@lasty=\dimen329
\tikz@lastxsaved=\dimen330
\tikz@lastysaved=\dimen331
\tikz@lastmovetox=\dimen332
\tikz@lastmovetoy=\dimen333
\tikzleveldistance=\dimen334
\tikzsiblingdistance=\dimen335
\tikz@figbox=\box79
\tikz@figbox@bg=\box80
\tikz@tempbox=\box81
\tikz@tempbox@bg=\box82
\tikztreelevel=\count523
\tikznumberofchildren=\count524
\tikznumberofcurrentchild=\count525
\tikz@fig@count=\count526
 (C:\Program Files\MiKTeX\tex/generic/pgf/modules\pgfmodulematrix.code.tex
File: pgfmodulematrix.code.tex 2023-01-15 v3.1.10 (3.1.10)
\pgfmatrixcurrentrow=\count527
\pgfmatrixcurrentcolumn=\count528
\pgf@matrix@numberofcolumns=\count529
)
\tikz@expandcount=\count530

(C:\Program Files\MiKTeX\tex/generic/pgf/frontendlayer/tikz/libraries\tikzlibra
rytopaths.code.tex
File: tikzlibrarytopaths.code.tex 2023-01-15 v3.1.10 (3.1.10)
)))
(C:\Users\chris\AppData\Roaming\MiKTeX\tex/latex/doublestroke\dsfont.sty
Package: dsfont 1995/08/01 v0.1 Double stroke roman fonts
)
(C:\Users\chris\AppData\Roaming\MiKTeX\tex/latex/commath\commath.sty)
(C:\Users\chris\AppData\Roaming\MiKTeX\tex/latex/autonum\autonum.sty
Package: autonum 2015/01/18 v0.3.11 Automatic numbering of equations

(C:\Users\chris\AppData\Roaming\MiKTeX\tex/latex/etextools\etextools.sty
Package: etextools 2010/12/07 v3.1415926 e-TeX more useful tools for LaTeX pack
age writers

(C:\Users\chris\AppData\Roaming\MiKTeX\tex/latex/etex-pkg\etex.sty
Package: etex 2016/08/01 v2.7 eTeX basic definition package (PEB,DPC)


Package etex Warning: Extended allocation already in use.
(etex)                etex.sty code will not be used.
(etex)                To force etex package to load, add
(etex)                \RequirePackage{etex}
(etex)                at the start of the document.

) (C:\Users\chris\AppData\Roaming\MiKTeX\tex/latex/letltxmacro\letltxmacro.sty
Package: letltxmacro 2019/12/03 v1.6 Let assignment for LaTeX macros (HO)
)
\ettl@fter=\count531
\ettl@for@nested=\count532
) (C:\Users\chris\AppData\Roaming\MiKTeX\tex/latex/textpos\textpos.sty
Package: textpos 2022/07/23 v1.10.1
Package textpos Info: choosing support for LaTeX3 on input line 60.
\TP@textbox=\box83
\TP@holdbox=\box84
\TPHorizModule=\dimen336
\TPVertModule=\dimen337
\TP@margin=\dimen338
\TP@absmargin=\dimen339

Grid set 16 x 16 = 37.34424pt x 52.81541pt
\TPboxrulesize=\dimen340
\TP@ox=\dimen341
\TP@oy=\dimen342
\TP@tbargs=\toks66
TextBlockOrigin set to 0pt x 0pt
)
\c@autonum@counter=\count533
) (C:\Users\chris\AppData\Roaming\MiKTeX\tex/latex/scalerel\scalerel.sty
Package: scalerel 2016/12/29 v1.8 Routines for constrained scaling and stretchi
ng of objects, relative to a reference object or in absolute terms
\thesrwidth=\skip285
\thesrheight=\skip286
\srblobheight=\skip287
\srblobdepth=\skip288
\mnxsrwidth=\skip289
\LMex=\skip290
\LMpt=\skip291
)
(tket.sty
Package: tket 2011/06/03 v2.1: Various TAAGEKAMMER related macros
\tket@rbll=\skip292
)
Package tket Info: Reference-GF sat til `2024' 
(tket)             (argumentet var `2024') on input line 425.
)
Package csquotes Info: Checking for multilingual support...
Package csquotes Info: ... found 'babel' package.
Package csquotes Info: Adjusting default style.
Package csquotes Info: Redefining alias 'default' -> 'english'.


Package biblatex Warning: Incompatible package 'etextools' loaded,
(biblatex)                no error is thrown because you defined
(biblatex)                '\blx@noerroretextools'.
(biblatex)                'etextools' redefines '\forlistloop', you must
(biblatex)                restore the definition from 'etoolbox'
(biblatex)                before you load biblatex.

(thesis_master.aux (frontMatter/abstract.aux)
(mainMatter/fractalConstruction.aux) (mainMatter/Laplacians.aux)
(mainMatter/gaussianFields.aux) (mainMatter/mainTheorem.aux))
\openout1 = `thesis_master.aux'.

LaTeX Font Info:    Checking defaults for OML/cmm/m/it on input line 51.
LaTeX Font Info:    ... okay on input line 51.
LaTeX Font Info:    Checking defaults for OMS/cmsy/m/n on input line 51.
LaTeX Font Info:    ... okay on input line 51.
LaTeX Font Info:    Checking defaults for OT1/cmr/m/n on input line 51.
LaTeX Font Info:    ... okay on input line 51.
LaTeX Font Info:    Checking defaults for T1/cmr/m/n on input line 51.
LaTeX Font Info:    ... okay on input line 51.
LaTeX Font Info:    Checking defaults for TS1/cmr/m/n on input line 51.
LaTeX Font Info:    ... okay on input line 51.
LaTeX Font Info:    Checking defaults for OMX/cmex/m/n on input line 51.
LaTeX Font Info:    ... okay on input line 51.
LaTeX Font Info:    Checking defaults for U/cmr/m/n on input line 51.
LaTeX Font Info:    ... okay on input line 51.
LaTeX Font Info:    Checking defaults for LS1/libertinust1math/m/n on input lin
e 51.
LaTeX Font Info:    Trying to load font information for LS1+libertinust1math on
 input line 51.

(C:\Users\chris\AppData\Roaming\MiKTeX\tex/latex/libertinust1math\ls1libertinus
t1math.fd
File: ls1libertinust1math.fd 2016/03/23 Fontinst v1.933 font definitions for LS
1/libertinust1math.
)
LaTeX Font Info:    ... okay on input line 51.
LaTeX Font Info:    Checking defaults for LS2/libertinust1mathsym/m/n on input 
line 51.
LaTeX Font Info:    Trying to load font information for LS2+libertinust1mathsym
 on input line 51.

(C:\Users\chris\AppData\Roaming\MiKTeX\tex/latex/libertinust1math\ls2libertinus
t1mathsym.fd
File: ls2libertinust1mathsym.fd 2015/04/17 v1.1.2-latex LibertinusT1Mathsym LS2
 font definitions
)
LaTeX Font Info:    ... okay on input line 51.
LaTeX Font Info:    Checking defaults for PD1/pdf/m/n on input line 51.
LaTeX Font Info:    ... okay on input line 51.
LaTeX Font Info:    Checking defaults for PU/pdf/m/n on input line 51.
LaTeX Font Info:    ... okay on input line 51.
LaTeX Info: Redefining \microtypecontext on input line 51.
Package microtype Info: Generating PDF output.
Package microtype Info: Character protrusion enabled (level 2).
Package microtype Info: Using default protrusion set `alltext'.
Package microtype Info: Automatic font expansion enabled (level 2),
(microtype)             stretch: 20, shrink: 20, step: 1, non-selected.
Package microtype Info: Using default expansion set `basictext'.
LaTeX Info: Redefining \showhyphens on input line 51.
Package microtype Info: No adjustment of tracking.
Package microtype Info: No adjustment of interword spacing.
Package microtype Info: No adjustment of character kerning.
Package microtype Info: Loading generic protrusion settings for font family
(microtype)             `LinuxLibertineT-TLF' (encoding: T1).
(microtype)             For optimal results, create family-specific settings.
(microtype)             See the microtype manual for details.
\c@mv@tabular=\count534
\c@mv@boldtabular=\count535
LaTeX Info: Command `\dddot' is already robust on input line 51.
LaTeX Info: Command `\ddddot' is already robust on input line 51.
 (C:\Program Files\MiKTeX\tex/context/base/mkii\supp-pdf.mkii
[Loading MPS to PDF converter (version 2006.09.02).]
\scratchcounter=\count536
\scratchdimen=\dimen343
\scratchbox=\box85
\nofMPsegments=\count537
\nofMParguments=\count538
\everyMPshowfont=\toks67
\MPscratchCnt=\count539
\MPscratchDim=\dimen344
\MPnumerator=\count540
\makeMPintoPDFobject=\count541
\everyMPtoPDFconversion=\toks68
) (C:\Program Files\MiKTeX\tex/latex/epstopdf-pkg\epstopdf-base.sty
Package: epstopdf-base 2020-01-24 v2.11 Base part for package epstopdf
Package epstopdf-base Info: Redefining graphics rule for `.eps' on input line 4
85.

(C:\Program Files\MiKTeX\tex/latex/00miktex\epstopdf-sys.cfg
File: epstopdf-sys.cfg 2021/03/18 v2.0 Configuration of epstopdf for MiKTeX
))
(C:\Users\chris\AppData\Roaming\MiKTeX\tex/latex/translations/dicts\translation
s-basic-dictionary-english.trsl
File: translations-basic-dictionary-english.trsl (english translation file `tra
nslations-basic-dictionary')
)
Package translations Info: loading dictionary `translations-basic-dictionary' f
or `english'. on input line 51.
Package translations Info: no dictionary file `translations-basic-dictionary-da
nish.trsl' found. on input line 51.

(C:\Users\chris\AppData\Roaming\MiKTeX\tex/latex/translations/dicts\translation
s-basic-dictionary-english.trsl
File: translations-basic-dictionary-english.trsl (english translation file `tra
nslations-basic-dictionary')
)
Package translations Info: loading dictionary `translations-basic-dictionary' f
or `english'. on input line 51.
Package biblatex Info: Trying to load language 'english'...
Package biblatex Info: ... file 'english.lbx' found.

(C:\Program Files\MiKTeX\tex/latex/biblatex/lbx\english.lbx
File: english.lbx 2024/03/21 v3.20 biblatex localization (PK/MW)
)
Package biblatex Info: Trying to load language 'danish'...
Package biblatex Info: ... file 'danish.lbx' found.

(C:\Program Files\MiKTeX\tex/latex/biblatex/lbx\danish.lbx
File: danish.lbx 2024/03/21 v3.20 biblatex localization (PK/MW)
)
Package biblatex Info: Trying to load language 'british'...
Package biblatex Info: ... file 'british.lbx' found.

(C:\Program Files\MiKTeX\tex/latex/biblatex/lbx\british.lbx
File: british.lbx 2024/03/21 v3.20 biblatex localization (PK/MW)
Package biblatex Info: Trying to load language 'english'...
Package biblatex Info: ... file 'english.lbx' found.

(C:\Program Files\MiKTeX\tex/latex/biblatex/lbx\english.lbx
File: english.lbx 2024/03/21 v3.20 biblatex localization (PK/MW)
))
Package biblatex Info: Input encoding 'utf8' detected.
Package biblatex Info: Automatic encoding selection.
(biblatex)             Assuming data encoding 'utf8'.
\openout4 = `thesis_master.bcf'.

Package biblatex Info: Trying to load bibliographic data...
Package biblatex Info: ... file 'thesis_master.bbl' found.

(thesis_master.bbl)
Package biblatex Info: Reference section=0 on input line 51.
Package biblatex Info: Reference segment=0 on input line 51.
Package hyperref Info: Link coloring OFF on input line 51.
 (thesis_master.out) (thesis_master.out)
\@outlinefile=\write6
\openout6 = `thesis_master.out'.

\autonum@environmentWidth=\skip293
LaTeX Font Info:    Font shape `LS1/libertinust1math/m/n' will be
(Font)              scaled to size 10.95pt on input line 51.
LaTeX Font Info:    Font shape `LS1/libertinust1math/m/n' will be
(Font)              scaled to size 8.0pt on input line 51.
LaTeX Font Info:    Font shape `LS1/libertinust1math/m/n' will be
(Font)              scaled to size 6.0pt on input line 51.
LaTeX Font Info:    Font shape `LS1/libertinust1math/m/it' will be
(Font)              scaled to size 10.95pt on input line 51.
LaTeX Font Info:    Font shape `LS1/libertinust1math/m/it' will be
(Font)              scaled to size 8.0pt on input line 51.
LaTeX Font Info:    Font shape `LS1/libertinust1math/m/it' will be
(Font)              scaled to size 6.0pt on input line 51.
LaTeX Font Info:    Font shape `LS2/libertinust1mathsym/m/n' will be
(Font)              scaled to size 10.95pt on input line 51.
LaTeX Font Info:    Font shape `LS2/libertinust1mathsym/m/n' will be
(Font)              scaled to size 8.0pt on input line 51.
LaTeX Font Info:    Font shape `LS2/libertinust1mathsym/m/n' will be
(Font)              scaled to size 6.0pt on input line 51.
LaTeX Font Info:    Trying to load font information for LS2+libertinust1mathex 
on input line 51.

(C:\Users\chris\AppData\Roaming\MiKTeX\tex/latex/libertinust1math\ls2libertinus
t1mathex.fd
File: ls2libertinust1mathex.fd 2016/03/15 v1.0.0-latex LibertinusMath extension
s LS2 font definitions
)
LaTeX Font Info:    Font shape `LS2/libertinust1mathex/m/n' will be
(Font)              scaled to size 10.95pt on input line 51.
LaTeX Font Info:    Font shape `LS2/libertinust1mathex/m/n' will be
(Font)              scaled to size 8.0pt on input line 51.
LaTeX Font Info:    Font shape `LS2/libertinust1mathex/m/n' will be
(Font)              scaled to size 6.0pt on input line 51.
LaTeX Font Info:    Trying to load font information for LS1+libertinust1mathbb 
on input line 51.

(C:\Users\chris\AppData\Roaming\MiKTeX\tex/latex/libertinust1math\ls1libertinus
t1mathbb.fd
File: ls1libertinust1mathbb.fd 2016/08/22 latex LibertinusT1Mathbb LS1 font def
initions
)
LaTeX Font Info:    Font shape `LS1/libertinust1mathbb/m/n' will be
(Font)              scaled to size 10.95pt on input line 51.
LaTeX Font Info:    Font shape `LS1/libertinust1mathbb/m/n' will be
(Font)              scaled to size 8.0pt on input line 51.
LaTeX Font Info:    Font shape `LS1/libertinust1mathbb/m/n' will be
(Font)              scaled to size 6.0pt on input line 51.
LaTeX Font Info:    Font shape `LS1/libertinust1math/b/n' will be
(Font)              scaled to size 10.95pt on input line 51.
LaTeX Font Info:    Font shape `LS1/libertinust1math/b/n' will be
(Font)              scaled to size 8.0pt on input line 51.
LaTeX Font Info:    Font shape `LS1/libertinust1math/b/n' will be
(Font)              scaled to size 6.0pt on input line 51.
LaTeX Font Info:    Font shape `LS1/libertinust1math/b/it' will be
(Font)              scaled to size 10.95pt on input line 51.
LaTeX Font Info:    Font shape `LS1/libertinust1math/b/it' will be
(Font)              scaled to size 8.0pt on input line 51.
LaTeX Font Info:    Font shape `LS1/libertinust1math/b/it' will be
(Font)              scaled to size 6.0pt on input line 51.
LaTeX Font Info:    Trying to load font information for U+msa on input line 51.

 (C:\Program Files\MiKTeX\tex/latex/amsfonts\umsa.fd
File: umsa.fd 2013/01/14 v3.01 AMS symbols A
)
(C:\Users\chris\AppData\Roaming\MiKTeX\tex/latex/microtype\mt-msa.cfg
File: mt-msa.cfg 2006/02/04 v1.1 microtype config. file: AMS symbols (a) (RS)
)
LaTeX Font Info:    Trying to load font information for U+msb on input line 51.


(C:\Program Files\MiKTeX\tex/latex/amsfonts\umsb.fd
File: umsb.fd 2013/01/14 v3.01 AMS symbols B
)
(C:\Users\chris\AppData\Roaming\MiKTeX\tex/latex/microtype\mt-msb.cfg
File: mt-msb.cfg 2005/06/01 v1.0 microtype config. file: AMS symbols (b) (RS)
)
\openout2 = `frontMatter/abstract.aux'.


(frontMatter/abstract.tex
LaTeX Font Info:    Font shape `T1/LinuxLibertineT-TLF/m/n' will be
(Font)              scaled to size 17.28pt on input line 4.
LaTeX Font Info:    Font shape `T1/LinuxLibertineT-TLF/b/n' will be
(Font)              scaled to size 17.28pt on input line 4.


LaTeX Font Info:    Trying to load font information for T1+LinuxBiolinumT-TLF o
n input line 21.

(C:\Users\chris\AppData\Roaming\MiKTeX\tex/latex/libertine\t1linuxbiolinumt-tlf
.fd
File: T1LinuxBiolinumT-TLF.fd 2017/03/20 (autoinst) Font definitions for T1/Lin
uxBiolinumT-TLF.
)
LaTeX Font Info:    Font shape `T1/LinuxBiolinumT-TLF/m/n' will be
(Font)              scaled to size 10.95pt on input line 21.
Package microtype Info: Loading generic protrusion settings for font family
(microtype)             `LinuxBiolinumT-TLF' (encoding: T1).
(microtype)             For optimal results, create family-specific settings.
(microtype)             See the microtype manual for details.
 [1{C:/Users/chris/AppData/Local/MiKTeX/fonts/map/pdftex/pdftex.map}{C:/Users/c
hris/AppData/Roaming/MiKTeX/fonts/enc/dvips/libertine/lbtn_25tcsq.enc}



{C:/Users/chris/AppData/Roaming/MiKTeX/fonts/enc/dvips/libertine/lbtn_nh77jq.en
c}{C:/Users/chris/AppData/Roaming/MiKTeX/fonts/enc/dvips/libertine/lbtn_76gpa5.
enc}])

[2]
LaTeX Font Info:    Font shape `T1/LinuxLibertineT-TLF/m/n' will be
(Font)              scaled to size 24.88pt on input line 80.
LaTeX Font Info:    Font shape `T1/LinuxBiolinumT-TLF/m/n' will be
(Font)              scaled to size 24.88pt on input line 80.
 (thesis_master.toc
LaTeX Font Info:    Font shape `T1/LinuxLibertineT-TLF/b/n' will be
(Font)              scaled to size 10.95pt on input line 1.
)

[3



]

[4

]
\openout2 = `mainMatter/fractalConstruction.aux'.

 (mainMatter/fractalConstruction.tex
LaTeX Font Info:    Font shape `T1/LinuxLibertineT-TLF/m/sc' will be
(Font)              scaled to size 17.28pt on input line 1.
LaTeX Font Info:    Font shape `T1/LinuxLibertineT-TLF/m/n' will be
(Font)              scaled to size 14.4pt on input line 1.
LaTeX Font Info:    Font shape `T1/LinuxLibertineT-TLF/m/n' will be
(Font)              scaled to size 8.0pt on input line 9.
LaTeX Font Info:    Font shape `T1/LinuxLibertineT-TLF/m/n' will be
(Font)              scaled to size 6.0pt on input line 9.
Package svg Info: Last page of `./svg-inkscape/vicsek0MarkersTrue_svg-tex.pdf' 
is 1 on input line 22.

(svg-inkscape/vicsek0MarkersTrue_svg-tex.pdf_tex
<./svg-inkscape/vicsek0MarkersTrue_svg-tex.pdf, id=171, page=1, 722.7pt x 722.7
pt>
File: ./svg-inkscape/vicsek0MarkersTrue_svg-tex.pdf Graphic file (type pdf)
<use ./svg-inkscape/vicsek0MarkersTrue_svg-tex.pdf, page 1>
Package pdftex.def Info: ./svg-inkscape/vicsek0MarkersTrue_svg-tex.pdf , page1 
used on input line 56.
(pdftex.def)             Requested size: 101.17755pt x 101.1773pt.
)
Package svg Info: Last page of `./svg-inkscape/vicsek1MarkersTrue_svg-tex.pdf' 
is 1 on input line 24.

(svg-inkscape/vicsek1MarkersTrue_svg-tex.pdf_tex
<./svg-inkscape/vicsek1MarkersTrue_svg-tex.pdf, id=173, page=1, 722.7pt x 722.7
pt>
File: ./svg-inkscape/vicsek1MarkersTrue_svg-tex.pdf Graphic file (type pdf)
<use ./svg-inkscape/vicsek1MarkersTrue_svg-tex.pdf, page 1>
Package pdftex.def Info: ./svg-inkscape/vicsek1MarkersTrue_svg-tex.pdf , page1 
used on input line 56.
(pdftex.def)             Requested size: 101.17755pt x 101.1773pt.
)
Package svg Info: Last page of `./svg-inkscape/vicsek2MarkersTrue_svg-tex.pdf' 
is 1 on input line 26.

(svg-inkscape/vicsek2MarkersTrue_svg-tex.pdf_tex
<./svg-inkscape/vicsek2MarkersTrue_svg-tex.pdf, id=175, page=1, 722.7pt x 722.7
pt>
File: ./svg-inkscape/vicsek2MarkersTrue_svg-tex.pdf Graphic file (type pdf)
<use ./svg-inkscape/vicsek2MarkersTrue_svg-tex.pdf, page 1>
Package pdftex.def Info: ./svg-inkscape/vicsek2MarkersTrue_svg-tex.pdf , page1 
used on input line 56.
(pdftex.def)             Requested size: 101.17755pt x 101.1773pt.
)
Package svg Info: Last page of `./svg-inkscape/vicsek3MarkersTrue_svg-tex.pdf' 
is 1 on input line 28.

(svg-inkscape/vicsek3MarkersTrue_svg-tex.pdf_tex
<./svg-inkscape/vicsek3MarkersTrue_svg-tex.pdf, id=177, page=1, 722.7pt x 722.7
pt>
File: ./svg-inkscape/vicsek3MarkersTrue_svg-tex.pdf Graphic file (type pdf)
<use ./svg-inkscape/vicsek3MarkersTrue_svg-tex.pdf, page 1>
Package pdftex.def Info: ./svg-inkscape/vicsek3MarkersTrue_svg-tex.pdf , page1 
used on input line 56.
(pdftex.def)             Requested size: 101.17755pt x 101.1773pt.
)
LaTeX Font Info:    Font shape `T1/LinuxBiolinumT-TLF/m/sc' will be
(Font)              scaled to size 10.95pt on input line 30.
LaTeX Font Info:    Font shape `T1/LinuxBiolinumT-TLF/m/n' will be
(Font)              scaled to size 10.0pt on input line 30.
LaTeX Font Info:    Font shape `LS1/libertinust1math/m/n' will be
(Font)              scaled to size 10.0pt on input line 30.
LaTeX Font Info:    Font shape `LS1/libertinust1math/m/n' will be
(Font)              scaled to size 7.0pt on input line 30.
LaTeX Font Info:    Font shape `LS1/libertinust1math/m/n' will be
(Font)              scaled to size 5.0pt on input line 30.
LaTeX Font Info:    Font shape `LS1/libertinust1math/m/it' will be
(Font)              scaled to size 10.0pt on input line 30.
LaTeX Font Info:    Font shape `LS1/libertinust1math/m/it' will be
(Font)              scaled to size 7.0pt on input line 30.
LaTeX Font Info:    Font shape `LS1/libertinust1math/m/it' will be
(Font)              scaled to size 5.0pt on input line 30.
LaTeX Font Info:    Font shape `LS2/libertinust1mathsym/m/n' will be
(Font)              scaled to size 10.0pt on input line 30.
LaTeX Font Info:    Font shape `LS2/libertinust1mathsym/m/n' will be
(Font)              scaled to size 7.0pt on input line 30.
LaTeX Font Info:    Font shape `LS2/libertinust1mathsym/m/n' will be
(Font)              scaled to size 5.0pt on input line 30.
LaTeX Font Info:    Font shape `LS2/libertinust1mathex/m/n' will be
(Font)              scaled to size 10.0pt on input line 30.
LaTeX Font Info:    Font shape `LS2/libertinust1mathex/m/n' will be
(Font)              scaled to size 7.0pt on input line 30.
LaTeX Font Info:    Font shape `LS2/libertinust1mathex/m/n' will be
(Font)              scaled to size 5.0pt on input line 30.
LaTeX Font Info:    Font shape `LS1/libertinust1mathbb/m/n' will be
(Font)              scaled to size 10.0pt on input line 30.
LaTeX Font Info:    Font shape `LS1/libertinust1mathbb/m/n' will be
(Font)              scaled to size 7.0pt on input line 30.
LaTeX Font Info:    Font shape `LS1/libertinust1mathbb/m/n' will be
(Font)              scaled to size 5.0pt on input line 30.
LaTeX Font Info:    Font shape `LS1/libertinust1math/b/n' will be
(Font)              scaled to size 10.0pt on input line 30.
LaTeX Font Info:    Font shape `LS1/libertinust1math/b/n' will be
(Font)              scaled to size 7.0pt on input line 30.
LaTeX Font Info:    Font shape `LS1/libertinust1math/b/n' will be
(Font)              scaled to size 5.0pt on input line 30.
LaTeX Font Info:    Font shape `LS1/libertinust1math/b/it' will be
(Font)              scaled to size 10.0pt on input line 30.
LaTeX Font Info:    Font shape `LS1/libertinust1math/b/it' will be
(Font)              scaled to size 7.0pt on input line 30.
LaTeX Font Info:    Font shape `LS1/libertinust1math/b/it' will be
(Font)              scaled to size 5.0pt on input line 30.


[1


{C:/Users/chris/AppData/Roaming/MiKTeX/fonts/enc/dvips/libertine/lbtn_ncsllp.en
c}{C:/Users/chris/AppData/Roaming/MiKTeX/fonts/enc/dvips/libertinust1math/libus
MI.enc}{C:/Users/chris/AppData/Roaming/MiKTeX/fonts/enc/dvips/libertinust1math/
libusMR.enc}{C:/Users/chris/AppData/Roaming/MiKTeX/fonts/enc/dvips/libertinust1
math/libusEX.enc}{C:/Users/chris/AppData/Roaming/MiKTeX/fonts/enc/dvips/liberti
nust1math/libusBB.enc}{C:/Users/chris/AppData/Roaming/MiKTeX/fonts/enc/dvips/li
bertinust1math/libusSYM.enc}]
LaTeX Font Info:    Font shape `T1/LinuxLibertineT-TLF/b/n' will be
(Font)              scaled to size 14.4pt on input line 43.
LaTeX Font Info:    Font shape `T1/LinuxBiolinumT-TLF/b/n' will be
(Font)              scaled to size 14.4pt on input line 43.
LaTeX Font Info:    Font shape `T1/LinuxLibertineT-TLF/m/it' will be
(Font)              scaled to size 10.95pt on input line 48.


[2{C:/Users/chris/AppData/Roaming/MiKTeX/fonts/enc/dvips/libertine/lbtn_omcwp2.
enc}{C:/Users/chris/AppData/Roaming/MiKTeX/fonts/enc/dvips/libertine/lbtn_7gruk
w.enc} <./svg-inkscape/vicsek0MarkersTrue_svg-tex.pdf> <./svg-inkscape/vicsek1M
arkersTrue_svg-tex.pdf

pdfTeX warning: pdflatex.exe (file ./svg-inkscape/vicsek1MarkersTrue_svg-tex.pd
f): PDF inclusion: multiple pdfs with page group included in a single page
> <./svg-inkscape/vicsek2MarkersTrue_svg-tex.pdf

pdfTeX warning: pdflatex.exe (file ./svg-inkscape/vicsek2MarkersTrue_svg-tex.pd
f): PDF inclusion: multiple pdfs with page group included in a single page
> <./svg-inkscape/vicsek3MarkersTrue_svg-tex.pdf

pdfTeX warning: pdflatex.exe (file ./svg-inkscape/vicsek3MarkersTrue_svg-tex.pd
f): PDF inclusion: multiple pdfs with page group included in a single page
>]
Overfull \hbox (21.92905pt too wide) detected at line 91
[]\LS1/libertinust1math/m/it/10.95 d[]\LS1/libertinust1math/m/n/10.95 .\LS1/lib
ertinust1math/m/it/10.95 S\LS1/libertinust1math/m/n/10.95 .\LS1/libertinust1mat
h/m/it/10.95 A\LS1/libertinust1math/m/n/10.95 /\LS1/libertinust1math/m/it/10.95
 ; S\LS1/libertinust1math/m/n/10.95 .\LS1/libertinust1math/m/it/10.95 B\LS1/lib
ertinust1math/m/n/10.95 // = \LS1/libertinust1math/m/it/10.95 d[] [] \LS2/liber
tinust1mathsym/m/n/10.95 w [] \LS1/libertinust1math/m/it/10.95 d[]\LS1/libertin
ust1math/m/n/10.95 .\U/stixcal/m/n/10.95 S[]\LS1/libertinust1math/m/n/10.95 .\L
S1/libertinust1math/m/it/10.95 A\LS1/libertinust1math/m/n/10.95 /\LS1/libertinu
st1math/m/it/10.95 ; \U/stixcal/m/n/10.95 S[]\LS1/libertinust1math/m/n/10.95 .\
LS1/libertinust1math/m/it/10.95 B\LS1/libertinust1math/m/n/10.95 // \LS2/libert
inust1mathsym/m/n/10.95 w [] \LS1/libertinust1math/m/it/10.95 c[] \LS2/libertin
ust1mathsym/m/n/10.95 ^^L \LS1/libertinust1math/m/it/10.95 d[]\LS1/libertinust1
math/m/n/10.95 .\LS1/libertinust1math/m/it/10.95 A; B\LS1/libertinust1math/m/n/
10.95 /\LS1/libertinust1math/m/it/10.95 :
 []



[3]

[4]

[5]

[6]

[7]
Overfull \hbox (3.19388pt too wide) detected at line 244
[]
 []


Overfull \hbox (13.45273pt too wide) detected at line 248
[][] []\LS1/libertinust1math/m/n/10.95 .\LS1/libertinust1math/m/it/10.95 K[]\LS
1/libertinust1math/m/n/10.95 /[] = [].\LS1/libertinust1math/m/it/10.95 c[] \LS1
/libertinust1math/m/n/10.95 § \LS1/libertinust1math/m/it/10.95 c[]\LS1/libertin
ust1math/m/n/10.95 /[] [].\LS1/libertinust1math/m/it/10.95 K\LS1/libertinust1ma
th/m/n/10.95 /[] = [] § [] [].\LS1/libertinust1math/m/it/10.95 K\LS1/libertinus
t1math/m/n/10.95 /[] = [].\LS1/libertinust1math/m/it/10.95 K\LS1/libertinust1ma
th/m/n/10.95 /[]
 []


Overfull \hbox (4.68332pt too wide) in paragraph at lines 248--250
[]\LS1/libertinust1math/m/n/10.95 .\LS1/libertinust1math/m/it/10.95 K[]\LS1/lib
ertinust1math/m/n/10.95 / [][] [].\LS1/libertinust1math/m/it/10.95 K\LS1/libert
inust1math/m/n/10.95 / \LS2/libertinust1mathsym/m/n/10.95 w \LS1/libertinust1ma
th/m/it/10.95 ^^N$ \T1/LinuxLibertineT-TLF/m/n/10.95 (-20) since $[][] \LS1/lib
ertinust1math/m/it/10.95 c[] \LS1/libertinust1math/m/n/10.95 Ë .0\LS1/libertinu
st1math/m/it/10.95 ; \LS1/libertinust1math/m/n/10.95 1/$\T1/LinuxLibertineT-TLF
/m/n/10.95 (-20) . Thus $[][]$
 []



[8]

[9]
LaTeX Font Info:    Font shape `T1/LinuxLibertineT-TLF/m/n' will be
(Font)              scaled to size 12.0pt on input line 293.
LaTeX Font Info:    Font shape `T1/LinuxLibertineT-TLF/b/n' will be
(Font)              scaled to size 12.0pt on input line 293.
LaTeX Font Info:    Font shape `T1/LinuxBiolinumT-TLF/b/n' will be
(Font)              scaled to size 12.0pt on input line 293.

Overfull \hbox (1.23178pt too wide) in paragraph at lines 584--585
 [][] 
 []


Overfull \hbox (1.23178pt too wide) in paragraph at lines 868--869
 [][] 
 []



[10]
Overfull \hbox (4.27339pt too wide) detected at line 908
[]\LS1/libertinust1math/m/it/10.95 ^^V\LS1/libertinust1math/m/n/10.95 .\LS1/lib
ertinust1math/m/it/10.95 B\LS1/libertinust1math/m/n/10.95 .\LS1/libertinust1mat
h/m/it/10.95 x; r\LS1/libertinust1math/m/n/10.95 // \LS2/libertinust1mathsym/m/
n/10.95 w \LS1/libertinust1math/m/n/10.95 5 \LS2/libertinust1mathsym/m/n/10.95 
^^L \LS1/libertinust1math/m/it/10.95 ^^V [] \LS1/libertinust1math/m/n/10.95 = 5
 \LS2/libertinust1mathsym/m/n/10.95 ^^L \LS1/libertinust1math/m/n/10.95 5[] = 5
[] \LS2/libertinust1mathsym/m/n/10.95 ^^L \LS1/libertinust1math/m/n/10.95 5[] \
LS2/libertinust1mathsym/m/n/10.95 w \LS1/libertinust1math/m/n/10.95 5 \LS2/libe
rtinust1mathsym/m/n/10.95 ^^L [][] w \LS1/libertinust1math/m/n/10.95 5 \LS2/lib
ertinust1mathsym/m/n/10.95 ^^L \LS1/libertinust1math/m/n/10.95 2[] \LS2/liberti
nust1mathsym/m/n/10.95 ^^L \LS1/libertinust1math/m/it/10.95 r[]
 []



[11])

[12]
\openout2 = `mainMatter/Laplacians.aux'.

 (mainMatter/Laplacians.tex

[13




]

[14]

[15]

[16]

[17]
Overfull \hbox (38.07857pt too wide) detected at line 313
[]\U/stixcal/m/n/10.95 E[]\LS1/libertinust1math/m/n/10.95 .\LS1/libertinust1mat
h/m/it/10.95 u;  []\LS1/libertinust1math/m/n/10.95 / = \LS1/libertinust1math/m/
it/10.95 r[] []\LS1/libertinust1math/m/n/10.95 .\LS1/libertinust1math/m/it/10.9
5 u\LS1/libertinust1math/m/n/10.95 .\LS1/libertinust1math/m/it/10.95 q\LS1/libe
rtinust1math/m/n/10.95 / * \LS1/libertinust1math/m/it/10.95 u\LS1/libertinust1m
ath/m/n/10.95 .\LS1/libertinust1math/m/it/10.95 p\LS1/libertinust1math/m/n/10.9
5 //.\LS1/libertinust1math/m/it/10.95  []\LS1/libertinust1math/m/n/10.95 .\LS1/
libertinust1math/m/it/10.95 p\LS1/libertinust1math/m/n/10.95 / * \LS1/libertinu
st1math/m/it/10.95  []\LS1/libertinust1math/m/n/10.95 .\LS1/libertinust1math/m/
it/10.95 q\LS1/libertinust1math/m/n/10.95 // = \LS1/libertinust1math/m/it/10.95
 r[] []\LS1/libertinust1math/m/n/10.95 .\LS1/libertinust1math/m/it/10.95 u\LS1/
libertinust1math/m/n/10.95 .\LS1/libertinust1math/m/it/10.95 x\LS1/libertinust1
math/m/n/10.95 / * \LS1/libertinust1math/m/it/10.95 u\LS1/libertinust1math/m/n/
10.95 .\LS1/libertinust1math/m/it/10.95 q\LS1/libertinust1math/m/n/10.95 // = \
LS1/libertinust1math/m/it/10.95 r[][]u\LS1/libertinust1math/m/n/10.95 .\LS1/lib
ertinust1math/m/it/10.95 x\LS1/libertinust1math/m/n/10.95 /
 []


Overfull \hbox (40.83372pt too wide) in paragraph at lines 341--342
[]\T1/LinuxLibertineT-TLF/m/n/10.95 (-20) If we set $\LS1/libertinust1math/m/n/
10.95 
[] = []$ \T1/LinuxLibertineT-TLF/m/n/10.95 (-20) then $\LS1/libertinust1math/m/
it/10.95 F[] \LS1/libertinust1math/m/n/10.95 = \LS1/libertinust1math/m/it/10.95
 K\LS1/libertinust1math/m/n/10.95 \ []$\T1/LinuxLibertineT-TLF/m/n/10.95 (-20) 
.
 []



[18]
Overfull \hbox (2.0679pt too wide) in paragraph at lines 375--376
[]\T1/LinuxLibertineT-TLF/m/n/10.95 (-20) Moving on to the sec-ond half of the 
proof. Sup-pose that $\LS1/libertinust1math/m/it/10.95 r[] [][] []u\LS1/liberti
nust1math/m/n/10.95 .\LS1/libertinust1math/m/it/10.95 x\LS1/libertinust1math/m/
n/10.95 /$
 []



[19]

[20]
Overfull \hbox (34.99535pt too wide) detected at line 422
[][] \LS2/libertinust1mathsym/m/n/10.95 w [] \LS1/libertinust1math/m/n/10.95 + 
[] \LS2/libertinust1mathsym/m/n/10.95 w [] \LS1/libertinust1math/m/n/10.95 + []
 + []
 []



[21]
Overfull \hbox (5.29816pt too wide) detected at line 483
[]
 []



[22]

[23]
Overfull \hbox (41.01929pt too wide) in paragraph at lines 577--578
[]\T1/LinuxLibertineT-TLF/b/n/10.95 Remark: []\T1/LinuxLibertineT-TLF/m/n/10.95
 (-20) Note that $[] [][] \LS1/libertinust1math/m/it/10.95 ^^^[]\LS1/libertinus
t1math/m/n/10.95 .\LS1/libertinust1math/m/it/10.95 y\LS1/libertinust1math/m/n/1
0.95 /\LS1/libertinust1math/m/it/10.95 f\LS1/libertinust1math/m/n/10.95 .\LS1/l
ibertinust1math/m/it/10.95 y\LS1/libertinust1math/m/n/10.95 / = \LS2/libertinus
t1mathex/m/n/10.95 ê\LS1/libertinust1math/m/it/10.95 ^^^[]; f\LS2/libertinust1m
athex/m/n/10.95 ë[]$ \T1/LinuxLibertineT-TLF/m/n/10.95 (-20) and there-fore tha
t $\LS1/libertinust1math/m/n/10.95 .*^^A[]/[]\LS1/libertinust1math/m/it/10.95 f
\LS1/libertinust1math/m/n/10.95 .\LS1/libertinust1math/m/it/10.95 x\LS1/liberti
nust1math/m/n/10.95 / =
 []



[24]
Overfull \hbox (8.95317pt too wide) detected at line 609
[]
 []



[25]

[26]

[27]

[28]

[29]
Overfull \hbox (9.05421pt too wide) detected at line 826
[]
 []



[30]

[31]
Overfull \hbox (27.10521pt too wide) in paragraph at lines 880--882
\T1/LinuxLibertineT-TLF/m/n/10.95 (-20) where the last equal-ity comes from the
 fact that $[][] \LS1/libertinust1math/m/it/10.95 ^^^[]\LS1/libertinust1math/m/
n/10.95 .\LS1/libertinust1math/m/it/10.95 y\LS1/libertinust1math/m/n/10.95 /\LS
1/libertinust1math/m/it/10.95 ^^^[]\LS1/libertinust1math/m/n/10.95 .\LS1/libert
inust1math/m/it/10.95 y\LS1/libertinust1math/m/n/10.95 / []\LS1/libertinust1mat
h/m/it/10.95 ^^V \LS1/libertinust1math/m/n/10.95 = \LS1/libertinust1math/m/it/1
0.95 ^^N[]$ \T1/LinuxLibertineT-TLF/m/n/10.95 (-20) so $[][] \LS1/libertinust1m
ath/m/it/10.95 ^^^[]\LS1/libertinust1math/m/n/10.95 .\LS1/libertinust1math/m/it
/10.95 y\LS1/libertinust1math/m/n/10.95 /[] []\LS1/libertinust1math/m/it/10.95 
^^V\LS1/libertinust1math/m/n/10.95 .\LS1/libertinust1math/m/it/10.95 y\LS1/libe
rtinust1math/m/n/10.95 / =
 []



[32]

[33]

[34]
LaTeX Font Info:    Font shape `T1/LinuxLibertineT-TLF/m/n' will be
(Font)              scaled to size 9.0pt on input line 970.
LaTeX Font Info:    Font shape `LS1/libertinust1math/m/n' will be
(Font)              scaled to size 9.0pt on input line 970.
LaTeX Font Info:    Font shape `LS1/libertinust1math/m/it' will be
(Font)              scaled to size 9.0pt on input line 970.
LaTeX Font Info:    Font shape `LS2/libertinust1mathsym/m/n' will be
(Font)              scaled to size 9.0pt on input line 970.
LaTeX Font Info:    Font shape `LS2/libertinust1mathex/m/n' will be
(Font)              scaled to size 9.0pt on input line 970.
LaTeX Font Info:    Font shape `LS1/libertinust1mathbb/m/n' will be
(Font)              scaled to size 9.0pt on input line 970.
LaTeX Font Info:    Font shape `LS1/libertinust1math/b/n' will be
(Font)              scaled to size 9.0pt on input line 970.
LaTeX Font Info:    Font shape `LS1/libertinust1math/b/it' will be
(Font)              scaled to size 9.0pt on input line 970.


[35])

[36]
\openout2 = `mainMatter/gaussianFields.aux'.

 (mainMatter/gaussianFields.tex

[37




{C:/Users/chris/AppData/Roaming/MiKTeX/fonts/enc/dvips/libertinust1math/libusBM
R.enc}]
Overfull \hbox (92.86029pt too wide) detected at line 73
[]
 []



[38]

[39]

[40]
LaTeX Font Info:    Trying to load font information for U+dsrom on input line 1
68.
 (C:\Users\chris\AppData\Roaming\MiKTeX\tex/latex/doublestroke\udsrom.fd
File: Udsrom.fd 1995/08/01 v0.1 Double stroke roman font definitions
)

[41]
Overfull \hbox (45.55069pt too wide) detected at line 183
[]\LS1/libertinust1math/m/it/10.95 G[]\LS1/libertinust1math/m/n/10.95 .\LS1/lib
ertinust1math/m/it/10.95 x; y\LS1/libertinust1math/m/n/10.95 / = [] [][] \LS1/l
ibertinust1math/m/it/10.95 t[]p[]\LS1/libertinust1math/m/n/10.95 .\LS1/libertin
ust1math/m/it/10.95 x; y\LS1/libertinust1math/m/n/10.95 / []\LS1/libertinust1ma
th/m/it/10.95 t \LS1/libertinust1math/m/n/10.95 = [] [][] \LS1/libertinust1math
/m/it/10.95 t[] [] e[]^^^[]\LS1/libertinust1math/m/n/10.95 .\LS1/libertinust1ma
th/m/it/10.95 x\LS1/libertinust1math/m/n/10.95 /\LS1/libertinust1math/m/it/10.9
5 ^^^[]\LS1/libertinust1math/m/n/10.95 .\LS1/libertinust1math/m/it/10.95 y\LS1/
libertinust1math/m/n/10.95 / []\LS1/libertinust1math/m/it/10.95 t \LS1/libertin
ust1math/m/n/10.95 = [] []\LS1/libertinust1math/m/it/10.95 ^^^[]\LS1/libertinus
t1math/m/n/10.95 .\LS1/libertinust1math/m/it/10.95 x\LS1/libertinust1math/m/n/1
0.95 /\LS1/libertinust1math/m/it/10.95 ^^^[]\LS1/libertinust1math/m/n/10.95 .\L
S1/libertinust1math/m/it/10.95 y\LS1/libertinust1math/m/n/10.95 /\LS1/libertinu
st1math/m/it/10.95 :
 []



[42]

[43])

[44]
\openout2 = `mainMatter/mainTheorem.aux'.

 (mainMatter/mainTheorem.tex

[45




]

[46]
Overfull \hbox (19.29141pt too wide) detected at line 94
[]
 []


Overfull \hbox (35.48164pt too wide) detected at line 114
[]\LS1/libertinust1mathbb/m/n/10.95 E [] \LS1/libertinust1math/m/n/10.95 = [] [
] = [] []
 []



[47]
LaTeX Font Info:    Trying to load font information for T1+newtxtt on input lin
e 166.
 (C:\Users\chris\AppData\Roaming\MiKTeX\tex/fonts/newtxtt\t1newtxtt.fd
File: t1newtxtt.fd 2020/02/15 Font definitions for T1/newtxtt.
)
LaTeX Font Info:    Font shape `T1/newtxtt/m/n' will be
(Font)              scaled to size 10.40245pt on input line 166.
Package microtype Info: Loading generic protrusion settings for font family
(microtype)             `newtxtt' (encoding: T1).
(microtype)             For optimal results, create family-specific settings.
(microtype)             See the microtype manual for details.


[48{C:/Users/chris/AppData/Roaming/MiKTeX/fonts/enc/dvips/newtxtt/txttAec.enc}]


[49]
<Pictures/vicsekSim/vicsekSim_V3-s0_001.png, id=1626, 462.22687pt x 347.04657pt
>
File: Pictures/vicsekSim/vicsekSim_V3-s0_001.png Graphic file (type png)
<use Pictures/vicsekSim/vicsekSim_V3-s0_001.png>
Package pdftex.def Info: Pictures/vicsekSim/vicsekSim_V3-s0_001.png  used on in
put line 218.
(pdftex.def)             Requested size: 254.22556pt x 190.87619pt.
<Pictures/vicsekSim/vicsekSim_V3-s20.png, id=1628, 462.22687pt x 347.04657pt>
File: Pictures/vicsekSim/vicsekSim_V3-s20.png Graphic file (type png)
<use Pictures/vicsekSim/vicsekSim_V3-s20.png>
Package pdftex.def Info: Pictures/vicsekSim/vicsekSim_V3-s20.png  used on input
 line 219.
(pdftex.def)             Requested size: 254.22556pt x 190.87619pt.

Overfull \hbox (73.41353pt too wide) in paragraph at lines 218--220
 [][] 
 []


Overfull \hbox (73.41353pt too wide) in paragraph at lines 218--220
 [] 
 []

<Pictures/vicsekSim/vicsekSim_V3-s1.png, id=1629, 462.22687pt x 347.04657pt>
File: Pictures/vicsekSim/vicsekSim_V3-s1.png Graphic file (type png)
<use Pictures/vicsekSim/vicsekSim_V3-s1.png>
Package pdftex.def Info: Pictures/vicsekSim/vicsekSim_V3-s1.png  used on input 
line 223.
(pdftex.def)             Requested size: 254.22556pt x 190.87619pt.
<Pictures/vicsekSim/vicsekSim_V3-s50.png, id=1630, 462.22687pt x 347.04657pt>
File: Pictures/vicsekSim/vicsekSim_V3-s50.png Graphic file (type png)
<use Pictures/vicsekSim/vicsekSim_V3-s50.png>
Package pdftex.def Info: Pictures/vicsekSim/vicsekSim_V3-s50.png  used on input
 line 224.
(pdftex.def)             Requested size: 254.22556pt x 190.87619pt.

Overfull \hbox (73.41353pt too wide) in paragraph at lines 223--225
 [][] 
 []


Overfull \hbox (73.41353pt too wide) in paragraph at lines 223--225
 [] 
 []

<Pictures/sierpinskiSim/sierpinskiSim_V5-s0_001.png, id=1632, 462.22687pt x 347
.04657pt>
File: Pictures/sierpinskiSim/sierpinskiSim_V5-s0_001.png Graphic file (type png
)
<use Pictures/sierpinskiSim/sierpinskiSim_V5-s0_001.png>
Package pdftex.def Info: Pictures/sierpinskiSim/sierpinskiSim_V5-s0_001.png  us
ed on input line 253.
(pdftex.def)             Requested size: 254.22556pt x 190.87619pt.
<Pictures/sierpinskiSim/sierpinskiSim_V5-s20.png, id=1633, 462.22687pt x 347.04
657pt>
File: Pictures/sierpinskiSim/sierpinskiSim_V5-s20.png Graphic file (type png)
<use Pictures/sierpinskiSim/sierpinskiSim_V5-s20.png>
Package pdftex.def Info: Pictures/sierpinskiSim/sierpinskiSim_V5-s20.png  used 
on input line 254.
(pdftex.def)             Requested size: 254.22556pt x 190.87619pt.

Overfull \hbox (73.41353pt too wide) in paragraph at lines 253--255
 [][] 
 []


Overfull \hbox (73.41353pt too wide) in paragraph at lines 253--255
 [] 
 []

<Pictures/sierpinskiSim/sierpinskiSim_V5-s1.png, id=1634, 462.22687pt x 347.046
57pt>
File: Pictures/sierpinskiSim/sierpinskiSim_V5-s1.png Graphic file (type png)
<use Pictures/sierpinskiSim/sierpinskiSim_V5-s1.png>
Package pdftex.def Info: Pictures/sierpinskiSim/sierpinskiSim_V5-s1.png  used o
n input line 258.
(pdftex.def)             Requested size: 254.22556pt x 190.87619pt.
<Pictures/sierpinskiSim/sierpinskiSim_V5-s50.png, id=1635, 462.22687pt x 347.04
657pt>
File: Pictures/sierpinskiSim/sierpinskiSim_V5-s50.png Graphic file (type png)
<use Pictures/sierpinskiSim/sierpinskiSim_V5-s50.png>
Package pdftex.def Info: Pictures/sierpinskiSim/sierpinskiSim_V5-s50.png  used 
on input line 259.
(pdftex.def)             Requested size: 254.22556pt x 190.87619pt.

Overfull \hbox (73.41353pt too wide) in paragraph at lines 258--260
 [][] 
 []


Overfull \hbox (73.41353pt too wide) in paragraph at lines 258--260
 [] 
 []



[50])

[51 <./Pictures/vicsekSim/vicsekSim_V3-s0_001.png> <./Pictures/vicsekSim/vicsek
Sim_V3-s20.png> <./Pictures/vicsekSim/vicsekSim_V3-s1.png> <./Pictures/vicsekSi
m/vicsekSim_V3-s50.png>]

[52 <./Pictures/sierpinskiSim/sierpinskiSim_V5-s0_001.png> <./Pictures/sierpins
kiSim/sierpinskiSim_V5-s20.png> <./Pictures/sierpinskiSim/sierpinskiSim_V5-s1.p
ng> <./Pictures/sierpinskiSim/sierpinskiSim_V5-s50.png>]

[53





]

[54]
\tf@toc=\write7
\openout7 = `thesis_master.toc'.

 (thesis_master.aux (frontMatter/abstract.aux)
(mainMatter/fractalConstruction.aux) (mainMatter/Laplacians.aux)
(mainMatter/gaussianFields.aux) (mainMatter/mainTheorem.aux))
 ***********
LaTeX2e <2024-06-01> patch level 2
L3 programming layer <2020/03/25>
 ***********
Package rerunfilecheck Info: File `thesis_master.out' has not changed.
(rerunfilecheck)             Checksum: 428EF1C29E30D95E063E6D79A2517990;5265.
Package logreq Info: Writing requests to 'thesis_master.run.xml'.
\openout1 = `thesis_master.run.xml'.

 ) 
Here is how much of TeX's memory you used:
 47250 strings out of 473968
 944568 string characters out of 5738363
 1827476 words of memory out of 5000000
 68865 multiletter control sequences out of 15000+600000
 710405 words of font info for 270 fonts, out of 8000000 for 9000
 1141 hyphenation exceptions out of 8191
 99i,14n,96p,1160b,2506s stack positions out of 10000i,1000n,20000p,200000b,200000s
<C:/Users/chris/AppData/Roaming/MiKTeX/fonts/type1/public/libertinust1math/Li
bertinusT1Math.pfb><C:/Users/chris/AppData/Roaming/MiKTeX/fonts/type1/public/li
bertine/LinBiolinumT.pfb><C:/Users/chris/AppData/Roaming/MiKTeX/fonts/type1/pub
lic/libertine/LinBiolinumTB.pfb><C:/Users/chris/AppData/Roaming/MiKTeX/fonts/ty
pe1/public/libertine/LinLibertineT.pfb><C:/Users/chris/AppData/Roaming/MiKTeX/f
onts/type1/public/libertine/LinLibertineTB.pfb><C:/Users/chris/AppData/Roaming/
MiKTeX/fonts/type1/public/libertine/LinLibertineTI.pfb><C:/Users/chris/AppData/
Roaming/MiKTeX/fonts/type1/public/doublestroke/dsrom10.pfb><C:/Users/chris/AppD
ata/Roaming/MiKTeX/fonts/type1/public/newtxtt/newtxtt.pfb><C:/Users/chris/AppDa
ta/Roaming/MiKTeX/fonts/type1/public/stix/stix-mathcal.pfb>
Output written on thesis_master.pdf (58 pages, 1369436 bytes).
PDF statistics:
 1798 PDF objects out of 2073 (max. 8388607)
 216 named destinations out of 1000 (max. 500000)
 34109 words of extra memory for PDF output out of 35830 (max. 10000000)

